File Name,Dataset,aid,Date,Count,Minimum,Maximum,Range,Mean,Standard Deviation,Variance,Upper Quartile,Upper 1.5 IQR,Median,Lower 1.5 IQR,Lower Quartile
MOD13Q1_006__250m_16_days_NDVI_doy2001001_aid0001,_250m_16_days_NDVI,aid0001,2001-01-01,475581.0,-0.1631,0.9978,"(-0.1631,0.9978)",0.517,0.1644,0.027,0.6242,0.8894,0.5517,0.182,0.4473
MOD13Q1_006__250m_16_days_NDVI_doy2001017_aid0001,_250m_16_days_NDVI,aid0001,2001-01-17,474243.0,-0.1871,0.9974,"(-0.1871,0.9974)",0.4794,0.168,0.0282,0.5892,0.8635,0.5084,0.1317,0.4062
MOD13Q1_006__250m_16_days_NDVI_doy2001033_aid0001,_250m_16_days_NDVI,aid0001,2001-02-02,476142.0,-0.1971,0.986,"(-0.1971,0.986)",0.5168,0.1056,0.0111,0.5822,0.7781,0.5178,0.2557,0.4516
MOD13Q1_006__250m_16_days_NDVI_doy2001049_aid0001,_250m_16_days_NDVI,aid0001,2001-02-18,475152.0,-0.1834,0.9986,"(-0.1834,0.9986)",0.4094,0.1898,0.036,0.538,0.887,0.4552,-0.0436,0.305
MOD13Q1_006__250m_16_days_NDVI_doy2001065_aid0001,_250m_16_days_NDVI,aid0001,2001-03-06,475352.0,-0.1699,0.9957,"(-0.1699,0.9957)",0.4147,0.1827,0.0334,0.536,0.8471,0.4583,0.0175,0.3286
MOD13Q1_006__250m_16_days_NDVI_doy2001081_aid0001,_250m_16_days_NDVI,aid0001,2001-03-22,475871.0,-0.1964,0.9955,"(-0.1964,0.9955)",0.5311,0.1104,0.0122,0.6045,0.7981,0.5403,0.2815,0.4753
MOD13Q1_006__250m_16_days_NDVI_doy2001097_aid0001,_250m_16_days_NDVI,aid0001,2001-04-07,473057.0,-0.1285,0.999,"(-0.1285,0.999)",0.538,0.1871,0.035,0.6655,0.9676,0.5854,0.1608,0.4636
MOD13Q1_006__250m_16_days_NDVI_doy2001113_aid0001,_250m_16_days_NDVI,aid0001,2001-04-23,476191.0,0.0697,0.9929,"(0.0697,0.9929)",0.6793,0.0888,0.0079,0.737,0.8806,0.6975,0.4958,0.6405
MOD13Q1_006__250m_16_days_NDVI_doy2001129_aid0001,_250m_16_days_NDVI,aid0001,2001-05-09,475986.0,0.0607,0.9974,"(0.0607,0.9974)",0.7737,0.103,0.0106,0.8481,0.9974,0.7978,0.5399,0.7248
MOD13Q1_006__250m_16_days_NDVI_doy2001145_aid0001,_250m_16_days_NDVI,aid0001,2001-05-25,473708.0,0.002,0.9992,"(0.002,0.9992)",0.7615,0.1437,0.0207,0.8597,0.9992,0.7971,0.4795,0.7076
MOD13Q1_006__250m_16_days_NDVI_doy2001161_aid0001,_250m_16_days_NDVI,aid0001,2001-06-10,473189.0,-0.0311,0.9994,"(-0.0311,0.9994)",0.5885,0.2441,0.0596,0.7917,0.9994,0.6398,-0.0311,0.4137
MOD13Q1_006__250m_16_days_NDVI_doy2001177_aid0001,_250m_16_days_NDVI,aid0001,2001-06-26,476111.0,0.0026,0.9994,"(0.0026,0.9994)",0.7408,0.1234,0.0152,0.8488,0.9994,0.7526,0.3578,0.6524
MOD13Q1_006__250m_16_days_NDVI_doy2001193_aid0001,_250m_16_days_NDVI,aid0001,2001-07-12,475896.0,-0.0541,0.9995,"(-0.0541,0.9995)",0.6887,0.1621,0.0263,0.8364,0.9995,0.7149,0.1491,0.5569
MOD13Q1_006__250m_16_days_NDVI_doy2001209_aid0001,_250m_16_days_NDVI,aid0001,2001-07-28,476162.0,-0.0976,0.9972,"(-0.0976,0.9972)",0.6613,0.1852,0.0343,0.84,0.9972,0.6821,0.0118,0.5053
MOD13Q1_006__250m_16_days_NDVI_doy2001225_aid0001,_250m_16_days_NDVI,aid0001,2001-08-13,476193.0,-0.1831,0.9393,"(-0.1831,0.9393)",0.6542,0.1979,0.0392,0.8432,0.9393,0.6865,-0.0392,0.4845
MOD13Q1_006__250m_16_days_NDVI_doy2001241_aid0001,_250m_16_days_NDVI,aid0001,2001-08-29,475925.0,-0.1873,0.9967,"(-0.1873,0.9967)",0.6313,0.192,0.0369,0.8093,0.9967,0.6495,-0.018,0.475
MOD13Q1_006__250m_16_days_NDVI_doy2001257_aid0001,_250m_16_days_NDVI,aid0001,2001-09-14,472966.0,-0.1941,0.9994,"(-0.1941,0.9994)",0.6127,0.2029,0.0412,0.7842,0.9994,0.6402,0.0225,0.4795
MOD13Q1_006__250m_16_days_NDVI_doy2001273_aid0001,_250m_16_days_NDVI,aid0001,2001-09-30,474616.0,-0.1634,0.9993,"(-0.1634,0.9993)",0.6283,0.1596,0.0255,0.7845,0.9993,0.6064,0.0902,0.5066
MOD13Q1_006__250m_16_days_NDVI_doy2001289_aid0001,_250m_16_days_NDVI,aid0001,2001-10-16,475658.0,-0.0756,0.9961,"(-0.0756,0.9961)",0.6064,0.1286,0.0165,0.7094,0.9916,0.6228,0.2382,0.5209
MOD13Q1_006__250m_16_days_NDVI_doy2001305_aid0001,_250m_16_days_NDVI,aid0001,2001-11-01,476051.0,-0.1843,0.9832,"(-0.1843,0.9832)",0.6469,0.1031,0.0106,0.7203,0.9066,0.662,0.4083,0.5955
MOD13Q1_006__250m_16_days_NDVI_doy2001321_aid0001,_250m_16_days_NDVI,aid0001,2001-11-17,469217.0,-0.1881,0.9988,"(-0.1881,0.9988)",0.2675,0.2595,0.0673,0.4949,0.9988,0.156,-0.1881,0.045
MOD13Q1_006__250m_16_days_NDVI_doy2001337_aid0001,_250m_16_days_NDVI,aid0001,2001-12-03,475983.0,-0.1854,0.9943,"(-0.1854,0.9943)",0.5576,0.1177,0.0139,0.6336,0.8482,0.5676,0.2759,0.4905
MOD13Q1_006__250m_16_days_NDVI_doy2001353_aid0001,_250m_16_days_NDVI,aid0001,2001-12-19,475317.0,-0.1993,0.9989,"(-0.1993,0.9989)",0.1184,0.168,0.0282,0.2081,0.5274,0.0399,-0.1993,-0.0048
MOD13Q1_006__250m_16_days_NDVI_doy2002001_aid0001,_250m_16_days_NDVI,aid0001,2002-01-01,467792.0,-0.1993,0.9987,"(-0.1993,0.9987)",0.1008,0.1563,0.0244,0.1829,0.4703,0.0246,-0.1993,-0.0087
MOD13Q1_006__250m_16_days_NDVI_doy2002017_aid0001,_250m_16_days_NDVI,aid0001,2002-01-17,474109.0,-0.1997,0.9966,"(-0.1997,0.9966)",0.421,0.176,0.031,0.5391,0.8689,0.4519,-0.0111,0.319
MOD13Q1_006__250m_16_days_NDVI_doy2002033_aid0001,_250m_16_days_NDVI,aid0001,2002-02-02,475927.0,-0.1997,0.8692,"(-0.1997,0.8692)",0.5254,0.1178,0.0139,0.5996,0.8135,0.5319,0.2431,0.457
MOD13Q1_006__250m_16_days_NDVI_doy2002049_aid0001,_250m_16_days_NDVI,aid0001,2002-02-18,473927.0,-0.1941,0.9987,"(-0.1941,0.9987)",0.4687,0.1607,0.0258,0.5693,0.8183,0.4953,0.1543,0.4033
MOD13Q1_006__250m_16_days_NDVI_doy2002065_aid0001,_250m_16_days_NDVI,aid0001,2002-03-06,476139.0,-0.1985,0.9986,"(-0.1985,0.9986)",0.5023,0.1059,0.0112,0.572,0.7725,0.5092,0.2378,0.4383
MOD13Q1_006__250m_16_days_NDVI_doy2002081_aid0001,_250m_16_days_NDVI,aid0001,2002-03-22,476182.0,-0.1991,0.8346,"(-0.1991,0.8346)",0.5651,0.1036,0.0107,0.639,0.8346,0.5749,0.3083,0.5067
MOD13Q1_006__250m_16_days_NDVI_doy2002097_aid0001,_250m_16_days_NDVI,aid0001,2002-04-07,476172.0,-0.1841,0.9849,"(-0.1841,0.9849)",0.5769,0.0973,0.0095,0.6457,0.833,0.5849,0.3335,0.5208
MOD13Q1_006__250m_16_days_NDVI_doy2002113_aid0001,_250m_16_days_NDVI,aid0001,2002-04-23,475395.0,-0.0128,0.9993,"(-0.0128,0.9993)",0.6587,0.1532,0.0235,0.7611,0.9935,0.7049,0.3714,0.6052
MOD13Q1_006__250m_16_days_NDVI_doy2002129_aid0001,_250m_16_days_NDVI,aid0001,2002-05-09,476114.0,0.025,0.9975,"(0.025,0.9975)",0.7632,0.1,0.01,0.8332,0.9975,0.787,0.5522,0.7208
MOD13Q1_006__250m_16_days_NDVI_doy2002145_aid0001,_250m_16_days_NDVI,aid0001,2002-05-25,476018.0,-0.004,0.9956,"(-0.004,0.9956)",0.8058,0.0952,0.0091,0.8726,0.9956,0.8299,0.6066,0.7662
MOD13Q1_006__250m_16_days_NDVI_doy2002161_aid0001,_250m_16_days_NDVI,aid0001,2002-06-10,476101.0,-0.0331,0.994,"(-0.0331,0.994)",0.7834,0.103,0.0106,0.8671,0.994,0.797,0.5054,0.7224
MOD13Q1_006__250m_16_days_NDVI_doy2002177_aid0001,_250m_16_days_NDVI,aid0001,2002-06-26,476040.0,0.0259,0.9981,"(0.0259,0.9981)",0.7129,0.1381,0.0191,0.8392,0.9981,0.7242,0.253,0.6047
MOD13Q1_006__250m_16_days_NDVI_doy2002193_aid0001,_250m_16_days_NDVI,aid0001,2002-07-12,475083.0,-0.1085,0.9994,"(-0.1085,0.9994)",0.6718,0.1749,0.0306,0.8349,0.9994,0.6897,0.0887,0.5364
MOD13Q1_006__250m_16_days_NDVI_doy2002209_aid0001,_250m_16_days_NDVI,aid0001,2002-07-28,475881.0,-0.1078,0.9994,"(-0.1078,0.9994)",0.6798,0.1763,0.0311,0.8424,0.9994,0.7142,0.0884,0.537
MOD13Q1_006__250m_16_days_NDVI_doy2002225_aid0001,_250m_16_days_NDVI,aid0001,2002-08-13,476129.0,-0.1389,0.9923,"(-0.1389,0.9923)",0.6828,0.1627,0.0265,0.832,0.9923,0.7146,0.1357,0.5525
MOD13Q1_006__250m_16_days_NDVI_doy2002241_aid0001,_250m_16_days_NDVI,aid0001,2002-08-29,476161.0,-0.1935,0.9811,"(-0.1935,0.9811)",0.6838,0.1673,0.028,0.8369,0.9811,0.7197,0.1338,0.5546
MOD13Q1_006__250m_16_days_NDVI_doy2002257_aid0001,_250m_16_days_NDVI,aid0001,2002-09-14,475444.0,-0.1842,0.9983,"(-0.1842,0.9983)",0.6642,0.1602,0.0257,0.8076,0.9983,0.6884,0.1494,0.5443
MOD13Q1_006__250m_16_days_NDVI_doy2002273_aid0001,_250m_16_days_NDVI,aid0001,2002-09-30,476194.0,-0.183,0.9234,"(-0.183,0.9234)",0.6581,0.1591,0.0253,0.8025,0.9234,0.6913,0.1348,0.535
MOD13Q1_006__250m_16_days_NDVI_doy2002289_aid0001,_250m_16_days_NDVI,aid0001,2002-10-16,468703.0,-0.1956,0.9983,"(-0.1956,0.9983)",0.4535,0.2173,0.0472,0.626,0.9983,0.4926,-0.1956,0.2848
MOD13Q1_006__250m_16_days_NDVI_doy2002305_aid0001,_250m_16_days_NDVI,aid0001,2002-11-01,470530.0,-0.1822,0.9987,"(-0.1822,0.9987)",0.4446,0.2307,0.0532,0.6297,0.9987,0.4983,-0.1822,0.2502
MOD13Q1_006__250m_16_days_NDVI_doy2002321_aid0001,_250m_16_days_NDVI,aid0001,2002-11-17,474949.0,-0.1253,0.9986,"(-0.1253,0.9986)",0.5309,0.1606,0.0258,0.6326,0.8596,0.5673,0.2539,0.4811
MOD13Q1_006__250m_16_days_NDVI_doy2002337_aid0001,_250m_16_days_NDVI,aid0001,2002-12-03,476129.0,-0.1945,0.9973,"(-0.1945,0.9973)",0.5459,0.122,0.0149,0.6279,0.8679,0.5545,0.2279,0.4679
MOD13Q1_006__250m_16_days_NDVI_doy2002353_aid0001,_250m_16_days_NDVI,aid0001,2002-12-19,476116.0,-0.1518,0.9984,"(-0.1518,0.9984)",0.381,0.2191,0.048,0.5562,0.9984,0.407,-0.1518,0.1669
MOD13Q1_006__250m_16_days_NDVI_doy2003001_aid0001,_250m_16_days_NDVI,aid0001,2003-01-01,465653.0,-0.1964,0.9987,"(-0.1964,0.9987)",0.1976,0.1872,0.035,0.2649,0.5569,0.1252,-0.1964,0.0702
MOD13Q1_006__250m_16_days_NDVI_doy2003017_aid0001,_250m_16_days_NDVI,aid0001,2003-01-17,474384.0,-0.1925,0.9973,"(-0.1925,0.9973)",0.4359,0.1797,0.0323,0.5562,0.8727,0.4551,0.0287,0.3452
MOD13Q1_006__250m_16_days_NDVI_doy2003033_aid0001,_250m_16_days_NDVI,aid0001,2003-02-02,474938.0,-0.1864,0.9989,"(-0.1864,0.9989)",0.1839,0.1855,0.0344,0.2996,0.6995,0.1244,-0.1864,0.033
MOD13Q1_006__250m_16_days_NDVI_doy2003049_aid0001,_250m_16_days_NDVI,aid0001,2003-02-18,475623.0,-0.167,0.9988,"(-0.167,0.9988)",0.2772,0.1911,0.0365,0.4019,0.8418,0.2865,-0.167,0.1086
MOD13Q1_006__250m_16_days_NDVI_doy2003065_aid0001,_250m_16_days_NDVI,aid0001,2003-03-06,476184.0,-0.1927,0.8151,"(-0.1927,0.8151)",0.4381,0.1192,0.0142,0.5199,0.7756,0.434,0.0877,0.347
MOD13Q1_006__250m_16_days_NDVI_doy2003081_aid0001,_250m_16_days_NDVI,aid0001,2003-03-22,476171.0,-0.1897,0.8127,"(-0.1897,0.8127)",0.4408,0.1258,0.0158,0.5239,0.7914,0.438,0.0788,0.3455
MOD13Q1_006__250m_16_days_NDVI_doy2003097_aid0001,_250m_16_days_NDVI,aid0001,2003-04-07,476189.0,-0.1728,0.9791,"(-0.1728,0.9791)",0.5049,0.1101,0.0121,0.5825,0.8042,0.5129,0.213,0.4347
MOD13Q1_006__250m_16_days_NDVI_doy2003113_aid0001,_250m_16_days_NDVI,aid0001,2003-04-23,476187.0,-0.1211,0.9923,"(-0.1211,0.9923)",0.6284,0.1088,0.0118,0.7109,0.9407,0.6429,0.3272,0.5574
MOD13Q1_006__250m_16_days_NDVI_doy2003129_aid0001,_250m_16_days_NDVI,aid0001,2003-05-09,472891.0,-0.0096,0.9995,"(-0.0096,0.9995)",0.6812,0.1882,0.0354,0.81,0.9995,0.7307,0.3155,0.6122
MOD13Q1_006__250m_16_days_NDVI_doy2003145_aid0001,_250m_16_days_NDVI,aid0001,2003-05-25,476188.0,0.1155,0.9944,"(0.1155,0.9944)",0.7797,0.107,0.0115,0.8605,0.9944,0.808,0.5175,0.7233
MOD13Q1_006__250m_16_days_NDVI_doy2003161_aid0001,_250m_16_days_NDVI,aid0001,2003-06-10,476161.0,-0.1076,0.9965,"(-0.1076,0.9965)",0.7261,0.1327,0.0176,0.8472,0.9965,0.7391,0.2892,0.6239
MOD13Q1_006__250m_16_days_NDVI_doy2003177_aid0001,_250m_16_days_NDVI,aid0001,2003-06-26,476186.0,-0.1634,0.9508,"(-0.1634,0.9508)",0.6749,0.1727,0.0298,0.8403,0.9508,0.6932,0.0659,0.5295
MOD13Q1_006__250m_16_days_NDVI_doy2003193_aid0001,_250m_16_days_NDVI,aid0001,2003-07-12,476152.0,-0.1282,0.9917,"(-0.1282,0.9917)",0.6195,0.1944,0.0378,0.8143,0.9917,0.6218,-0.0331,0.4495
MOD13Q1_006__250m_16_days_NDVI_doy2003209_aid0001,_250m_16_days_NDVI,aid0001,2003-07-28,476194.0,0.0019,0.932,"(0.0019,0.932)",0.6055,0.189,0.0357,0.7907,0.932,0.6131,0.0019,0.4389
MOD13Q1_006__250m_16_days_NDVI_doy2003225_aid0001,_250m_16_days_NDVI,aid0001,2003-08-13,476159.0,-0.0955,0.9877,"(-0.0955,0.9877)",0.5616,0.2018,0.0407,0.7659,0.9877,0.544,-0.0955,0.3824
MOD13Q1_006__250m_16_days_NDVI_doy2003241_aid0001,_250m_16_days_NDVI,aid0001,2003-08-29,476042.0,-0.1964,0.9938,"(-0.1964,0.9938)",0.577,0.2012,0.0405,0.7807,0.9938,0.575,-0.1571,0.398
MOD13Q1_006__250m_16_days_NDVI_doy2003257_aid0001,_250m_16_days_NDVI,aid0001,2003-09-14,476189.0,-0.1824,0.9743,"(-0.1824,0.9743)",0.5965,0.2034,0.0414,0.7993,0.9743,0.6174,-0.1472,0.4132
MOD13Q1_006__250m_16_days_NDVI_doy2003273_aid0001,_250m_16_days_NDVI,aid0001,2003-09-30,476179.0,-0.1941,0.9703,"(-0.1941,0.9703)",0.6114,0.1724,0.0297,0.7693,0.9703,0.649,0.0224,0.4698
MOD13Q1_006__250m_16_days_NDVI_doy2003289_aid0001,_250m_16_days_NDVI,aid0001,2003-10-16,476158.0,-0.197,0.9855,"(-0.197,0.9855)",0.5975,0.1709,0.0292,0.751,0.9855,0.6371,0.0276,0.4583
MOD13Q1_006__250m_16_days_NDVI_doy2003305_aid0001,_250m_16_days_NDVI,aid0001,2003-11-01,476180.0,-0.1145,0.8633,"(-0.1145,0.8633)",0.5205,0.1192,0.0142,0.6072,0.8547,0.5462,0.1925,0.4413
MOD13Q1_006__250m_16_days_NDVI_doy2003321_aid0001,_250m_16_days_NDVI,aid0001,2003-11-17,475266.0,-0.0963,0.9987,"(-0.0963,0.9987)",0.3702,0.1703,0.029,0.4862,0.8355,0.3787,-0.0963,0.2517
MOD13Q1_006__250m_16_days_NDVI_doy2003337_aid0001,_250m_16_days_NDVI,aid0001,2003-12-03,475848.0,-0.1986,0.9978,"(-0.1986,0.9978)",0.539,0.1265,0.016,0.6256,0.8838,0.5493,0.1951,0.4534
MOD13Q1_006__250m_16_days_NDVI_doy2003353_aid0001,_250m_16_days_NDVI,aid0001,2003-12-19,476194.0,-0.07,0.9986,"(-0.07,0.9986)",0.436,0.1606,0.0258,0.5509,0.8884,0.4472,-0.0119,0.3257
MOD13Q1_006__250m_16_days_NDVI_doy2004001_aid0001,_250m_16_days_NDVI,aid0001,2004-01-01,465961.0,-0.1822,0.9989,"(-0.1822,0.9989)",0.3409,0.2137,0.0457,0.5,0.9989,0.3586,-0.1822,0.1496
MOD13Q1_006__250m_16_days_NDVI_doy2004017_aid0001,_250m_16_days_NDVI,aid0001,2004-01-17,471502.0,-0.1831,0.9985,"(-0.1831,0.9985)",0.1851,0.1915,0.0367,0.3021,0.7059,0.1125,-0.1831,0.0329
MOD13Q1_006__250m_16_days_NDVI_doy2004033_aid0001,_250m_16_days_NDVI,aid0001,2004-02-02,475796.0,-0.095,0.9974,"(-0.095,0.9974)",0.4826,0.1484,0.022,0.5804,0.8401,0.5014,0.1472,0.4071
MOD13Q1_006__250m_16_days_NDVI_doy2004049_aid0001,_250m_16_days_NDVI,aid0001,2004-02-18,476100.0,-0.187,0.9953,"(-0.187,0.9953)",0.4882,0.1371,0.0188,0.5765,0.8251,0.5031,0.162,0.4107
MOD13Q1_006__250m_16_days_NDVI_doy2004065_aid0001,_250m_16_days_NDVI,aid0001,2004-03-05,476186.0,-0.1757,0.9653,"(-0.1757,0.9653)",0.4852,0.0979,0.0096,0.5447,0.7254,0.4891,0.2435,0.4242
MOD13Q1_006__250m_16_days_NDVI_doy2004081_aid0001,_250m_16_days_NDVI,aid0001,2004-03-21,476179.0,-0.1809,0.8437,"(-0.1809,0.8437)",0.5351,0.0992,0.0098,0.604,0.794,0.5404,0.287,0.4772
MOD13Q1_006__250m_16_days_NDVI_doy2004097_aid0001,_250m_16_days_NDVI,aid0001,2004-04-06,476114.0,-0.1985,0.9969,"(-0.1985,0.9969)",0.5877,0.1006,0.0101,0.659,0.8556,0.5948,0.3303,0.5275
MOD13Q1_006__250m_16_days_NDVI_doy2004113_aid0001,_250m_16_days_NDVI,aid0001,2004-04-22,476036.0,0.0375,0.9937,"(0.0375,0.9937)",0.6865,0.0988,0.0098,0.7533,0.931,0.7066,0.4543,0.6337
MOD13Q1_006__250m_16_days_NDVI_doy2004129_aid0001,_250m_16_days_NDVI,aid0001,2004-05-08,474685.0,0.0032,0.9993,"(0.0032,0.9993)",0.7266,0.1443,0.0208,0.821,0.9993,0.7672,0.4643,0.6783
MOD13Q1_006__250m_16_days_NDVI_doy2004145_aid0001,_250m_16_days_NDVI,aid0001,2004-05-24,476142.0,0.0306,0.9992,"(0.0306,0.9992)",0.7676,0.0976,0.0095,0.8355,0.9992,0.7921,0.5613,0.7258
MOD13Q1_006__250m_16_days_NDVI_doy2004161_aid0001,_250m_16_days_NDVI,aid0001,2004-06-09,472778.0,-0.0691,0.9995,"(-0.0691,0.9995)",0.7236,0.1629,0.0265,0.8298,0.9995,0.7694,0.4381,0.6731
MOD13Q1_006__250m_16_days_NDVI_doy2004177_aid0001,_250m_16_days_NDVI,aid0001,2004-06-25,475697.0,0.0171,0.9982,"(0.0171,0.9982)",0.7392,0.1015,0.0103,0.8145,0.9982,0.7522,0.4778,0.6798
MOD13Q1_006__250m_16_days_NDVI_doy2004193_aid0001,_250m_16_days_NDVI,aid0001,2004-07-11,475535.0,0.0012,0.9989,"(0.0012,0.9989)",0.7083,0.1293,0.0167,0.816,0.9989,0.7284,0.3283,0.6209
MOD13Q1_006__250m_16_days_NDVI_doy2004209_aid0001,_250m_16_days_NDVI,aid0001,2004-07-27,476120.0,-0.1665,0.9886,"(-0.1665,0.9886)",0.656,0.1663,0.0276,0.8105,0.9886,0.6818,0.0806,0.5184
MOD13Q1_006__250m_16_days_NDVI_doy2004225_aid0001,_250m_16_days_NDVI,aid0001,2004-08-12,475870.0,-0.1644,0.9994,"(-0.1644,0.9994)",0.6561,0.1761,0.031,0.8166,0.9994,0.691,0.0667,0.5166
MOD13Q1_006__250m_16_days_NDVI_doy2004241_aid0001,_250m_16_days_NDVI,aid0001,2004-08-28,476137.0,-0.1886,0.9981,"(-0.1886,0.9981)",0.6781,0.163,0.0266,0.82,0.9981,0.725,0.156,0.554
MOD13Q1_006__250m_16_days_NDVI_doy2004257_aid0001,_250m_16_days_NDVI,aid0001,2004-09-13,473410.0,-0.0617,0.999,"(-0.0617,0.999)",0.6026,0.1916,0.0367,0.764,0.999,0.6263,0.039,0.474
MOD13Q1_006__250m_16_days_NDVI_doy2004273_aid0001,_250m_16_days_NDVI,aid0001,2004-09-29,476135.0,-0.196,0.9924,"(-0.196,0.9924)",0.6558,0.1423,0.0203,0.7761,0.9924,0.6965,0.2128,0.5507
MOD13Q1_006__250m_16_days_NDVI_doy2004289_aid0001,_250m_16_days_NDVI,aid0001,2004-10-15,476146.0,-0.0364,0.9988,"(-0.0364,0.9988)",0.6248,0.1118,0.0125,0.7127,0.9341,0.6506,0.3157,0.5539
MOD13Q1_006__250m_16_days_NDVI_doy2004305_aid0001,_250m_16_days_NDVI,aid0001,2004-10-31,472948.0,-0.1069,0.9988,"(-0.1069,0.9988)",0.5629,0.1604,0.0257,0.6678,0.9138,0.6038,0.2578,0.5038
MOD13Q1_006__250m_16_days_NDVI_doy2004321_aid0001,_250m_16_days_NDVI,aid0001,2004-11-16,475946.0,-0.1686,0.997,"(-0.1686,0.997)",0.566,0.0965,0.0093,0.6306,0.8043,0.5763,0.3411,0.5148
MOD13Q1_006__250m_16_days_NDVI_doy2004337_aid0001,_250m_16_days_NDVI,aid0001,2004-12-02,476020.0,-0.1847,0.9949,"(-0.1847,0.9949)",0.5375,0.1019,0.0104,0.6044,0.7956,0.5452,0.2857,0.4769
MOD13Q1_006__250m_16_days_NDVI_doy2004353_aid0001,_250m_16_days_NDVI,aid0001,2004-12-18,476185.0,-0.1407,0.9932,"(-0.1407,0.9932)",0.5254,0.1192,0.0142,0.596,0.7869,0.5324,0.2778,0.4687
MOD13Q1_006__250m_16_days_NDVI_doy2005001_aid0001,_250m_16_days_NDVI,aid0001,2005-01-01,476153.0,-0.1756,0.9673,"(-0.1756,0.9673)",0.5354,0.1087,0.0118,0.6027,0.8103,0.5328,0.2567,0.4643
MOD13Q1_006__250m_16_days_NDVI_doy2005017_aid0001,_250m_16_days_NDVI,aid0001,2005-01-17,464673.0,-0.1867,0.9987,"(-0.1867,0.9987)",0.3015,0.2246,0.0505,0.4878,0.9987,0.3043,-0.1867,0.0789
MOD13Q1_006__250m_16_days_NDVI_doy2005033_aid0001,_250m_16_days_NDVI,aid0001,2005-02-02,475623.0,-0.1666,0.998,"(-0.1666,0.998)",0.4214,0.1758,0.0309,0.5353,0.8335,0.4475,0.0383,0.3365
MOD13Q1_006__250m_16_days_NDVI_doy2005049_aid0001,_250m_16_days_NDVI,aid0001,2005-02-18,475544.0,-0.198,0.9968,"(-0.198,0.9968)",0.08,0.092,0.0085,0.1182,0.2652,0.0469,-0.1246,0.0202
MOD13Q1_006__250m_16_days_NDVI_doy2005065_aid0001,_250m_16_days_NDVI,aid0001,2005-03-06,476148.0,-0.1891,0.8118,"(-0.1891,0.8118)",0.4699,0.1147,0.0131,0.5427,0.7659,0.4719,0.1707,0.3939
MOD13Q1_006__250m_16_days_NDVI_doy2005081_aid0001,_250m_16_days_NDVI,aid0001,2005-03-22,476163.0,-0.195,0.9427,"(-0.195,0.9427)",0.5491,0.0979,0.0096,0.6166,0.798,0.5552,0.3139,0.4955
MOD13Q1_006__250m_16_days_NDVI_doy2005097_aid0001,_250m_16_days_NDVI,aid0001,2005-04-07,476169.0,-0.1359,0.9628,"(-0.1359,0.9628)",0.6426,0.1007,0.0101,0.7133,0.9069,0.6522,0.3876,0.583
MOD13Q1_006__250m_16_days_NDVI_doy2005113_aid0001,_250m_16_days_NDVI,aid0001,2005-04-23,476182.0,-0.0818,0.9935,"(-0.0818,0.9935)",0.7077,0.0935,0.0087,0.7681,0.9126,0.7276,0.5266,0.6715
MOD13Q1_006__250m_16_days_NDVI_doy2005129_aid0001,_250m_16_days_NDVI,aid0001,2005-05-09,474791.0,-0.0623,0.9995,"(-0.0623,0.9995)",0.7335,0.1194,0.0142,0.8126,0.9985,0.7628,0.5019,0.6883
MOD13Q1_006__250m_16_days_NDVI_doy2005145_aid0001,_250m_16_days_NDVI,aid0001,2005-05-25,476194.0,-0.0113,0.9557,"(-0.0113,0.9557)",0.8004,0.0951,0.009,0.8671,0.9557,0.8268,0.6061,0.7627
MOD13Q1_006__250m_16_days_NDVI_doy2005161_aid0001,_250m_16_days_NDVI,aid0001,2005-06-10,476192.0,-0.1434,0.95,"(-0.1434,0.95)",0.7397,0.1225,0.015,0.8455,0.95,0.7547,0.3728,0.6564
MOD13Q1_006__250m_16_days_NDVI_doy2005177_aid0001,_250m_16_days_NDVI,aid0001,2005-06-26,475864.0,-0.0861,0.9976,"(-0.0861,0.9976)",0.713,0.1317,0.0173,0.8269,0.9976,0.7309,0.3013,0.6166
MOD13Q1_006__250m_16_days_NDVI_doy2005193_aid0001,_250m_16_days_NDVI,aid0001,2005-07-12,476178.0,-0.016,0.9939,"(-0.016,0.9939)",0.6725,0.1683,0.0283,0.8296,0.9939,0.6994,0.0911,0.5314
MOD13Q1_006__250m_16_days_NDVI_doy2005209_aid0001,_250m_16_days_NDVI,aid0001,2005-07-28,474780.0,-0.0038,0.9995,"(-0.0038,0.9995)",0.6415,0.1751,0.0307,0.7928,0.9995,0.6621,0.0726,0.5047
MOD13Q1_006__250m_16_days_NDVI_doy2005225_aid0001,_250m_16_days_NDVI,aid0001,2005-08-13,476087.0,-0.0843,0.9959,"(-0.0843,0.9959)",0.6726,0.1765,0.0312,0.8335,0.9959,0.7127,0.0909,0.5322
MOD13Q1_006__250m_16_days_NDVI_doy2005241_aid0001,_250m_16_days_NDVI,aid0001,2005-08-29,476194.0,-0.1142,0.9833,"(-0.1142,0.9833)",0.6633,0.179,0.032,0.8292,0.9833,0.6988,0.0632,0.5185
MOD13Q1_006__250m_16_days_NDVI_doy2005257_aid0001,_250m_16_days_NDVI,aid0001,2005-09-14,476186.0,-0.1885,0.9949,"(-0.1885,0.9949)",0.6705,0.1772,0.0314,0.8327,0.9949,0.7114,0.0858,0.5324
MOD13Q1_006__250m_16_days_NDVI_doy2005273_aid0001,_250m_16_days_NDVI,aid0001,2005-09-30,476194.0,-0.1718,0.8964,"(-0.1718,0.8964)",0.664,0.1468,0.0216,0.7891,0.8964,0.7049,0.2108,0.5577
MOD13Q1_006__250m_16_days_NDVI_doy2005289_aid0001,_250m_16_days_NDVI,aid0001,2005-10-16,476181.0,-0.1522,0.9575,"(-0.1522,0.9575)",0.6405,0.1336,0.0178,0.7563,0.9575,0.667,0.2398,0.5497
MOD13Q1_006__250m_16_days_NDVI_doy2005305_aid0001,_250m_16_days_NDVI,aid0001,2005-11-01,475849.0,-0.1102,0.9908,"(-0.1102,0.9908)",0.6045,0.1082,0.0117,0.677,0.8548,0.6209,0.3775,0.5572
MOD13Q1_006__250m_16_days_NDVI_doy2005321_aid0001,_250m_16_days_NDVI,aid0001,2005-11-17,473850.0,-0.1945,0.9994,"(-0.1945,0.9994)",0.3051,0.2522,0.0636,0.5636,0.9994,0.236,-0.1945,0.0676
MOD13Q1_006__250m_16_days_NDVI_doy2005337_aid0001,_250m_16_days_NDVI,aid0001,2005-12-03,475549.0,-0.145,0.9955,"(-0.145,0.9955)",0.5566,0.12,0.0144,0.6289,0.8086,0.5734,0.3294,0.5091
MOD13Q1_006__250m_16_days_NDVI_doy2005353_aid0001,_250m_16_days_NDVI,aid0001,2005-12-19,476032.0,-0.1878,0.9986,"(-0.1878,0.9986)",0.3526,0.2329,0.0542,0.5485,0.9986,0.3595,-0.1878,0.131
MOD13Q1_006__250m_16_days_NDVI_doy2006001_aid0001,_250m_16_days_NDVI,aid0001,2006-01-01,472239.0,-0.1509,0.9989,"(-0.1509,0.9989)",0.369,0.1939,0.0376,0.5123,0.9706,0.3763,-0.1509,0.2066
MOD13Q1_006__250m_16_days_NDVI_doy2006017_aid0001,_250m_16_days_NDVI,aid0001,2006-01-17,474760.0,-0.1843,0.9979,"(-0.1843,0.9979)",0.3859,0.1945,0.0378,0.5133,0.8776,0.4149,-0.0823,0.2703
MOD13Q1_006__250m_16_days_NDVI_doy2006033_aid0001,_250m_16_days_NDVI,aid0001,2006-02-02,472909.0,-0.1695,0.9988,"(-0.1695,0.9988)",0.2072,0.19,0.0361,0.337,0.7772,0.1523,-0.1695,0.0435
MOD13Q1_006__250m_16_days_NDVI_doy2006049_aid0001,_250m_16_days_NDVI,aid0001,2006-02-18,475851.0,-0.1871,0.9965,"(-0.1871,0.9965)",0.3898,0.1628,0.0265,0.4944,0.7633,0.4031,0.0462,0.3151
MOD13Q1_006__250m_16_days_NDVI_doy2006065_aid0001,_250m_16_days_NDVI,aid0001,2006-03-06,476027.0,-0.1966,0.9741,"(-0.1966,0.9741)",0.3662,0.1541,0.0238,0.4572,0.696,0.3704,0.0592,0.298
MOD13Q1_006__250m_16_days_NDVI_doy2006081_aid0001,_250m_16_days_NDVI,aid0001,2006-03-22,476054.0,-0.1541,0.9802,"(-0.1541,0.9802)",0.414,0.1317,0.0174,0.4964,0.72,0.4108,0.1237,0.3473
MOD13Q1_006__250m_16_days_NDVI_doy2006097_aid0001,_250m_16_days_NDVI,aid0001,2006-04-07,476030.0,-0.1768,0.9933,"(-0.1768,0.9933)",0.5041,0.1066,0.0114,0.5772,0.7861,0.5082,0.2291,0.4379
MOD13Q1_006__250m_16_days_NDVI_doy2006113_aid0001,_250m_16_days_NDVI,aid0001,2006-04-23,476178.0,-0.0006,0.9851,"(-0.0006,0.9851)",0.6779,0.1047,0.011,0.7527,0.9469,0.6974,0.4245,0.6214
MOD13Q1_006__250m_16_days_NDVI_doy2006129_aid0001,_250m_16_days_NDVI,aid0001,2006-05-09,476088.0,-0.0673,0.9809,"(-0.0673,0.9809)",0.7396,0.1032,0.0106,0.8122,0.9809,0.7692,0.5235,0.6967
MOD13Q1_006__250m_16_days_NDVI_doy2006145_aid0001,_250m_16_days_NDVI,aid0001,2006-05-25,470670.0,-0.0204,0.9995,"(-0.0204,0.9995)",0.6312,0.2228,0.0496,0.7992,0.9995,0.698,0.0827,0.5126
MOD13Q1_006__250m_16_days_NDVI_doy2006161_aid0001,_250m_16_days_NDVI,aid0001,2006-06-10,476167.0,-0.0018,0.993,"(-0.0018,0.993)",0.7694,0.1064,0.0113,0.8483,0.993,0.7966,0.5203,0.7171
MOD13Q1_006__250m_16_days_NDVI_doy2006177_aid0001,_250m_16_days_NDVI,aid0001,2006-06-26,476194.0,-0.0852,0.9558,"(-0.0852,0.9558)",0.7572,0.1131,0.0128,0.8525,0.9558,0.7778,0.427,0.6823
MOD13Q1_006__250m_16_days_NDVI_doy2006193_aid0001,_250m_16_days_NDVI,aid0001,2006-07-12,476129.0,-0.1566,0.9945,"(-0.1566,0.9945)",0.6781,0.1689,0.0285,0.8361,0.9945,0.7065,0.1163,0.5401
MOD13Q1_006__250m_16_days_NDVI_doy2006209_aid0001,_250m_16_days_NDVI,aid0001,2006-07-28,472490.0,-0.0013,0.9994,"(-0.0013,0.9994)",0.5885,0.2119,0.0449,0.7807,0.9994,0.5976,-0.0013,0.4296
MOD13Q1_006__250m_16_days_NDVI_doy2006225_aid0001,_250m_16_days_NDVI,aid0001,2006-08-13,471380.0,-0.0747,0.9995,"(-0.0747,0.9995)",0.6303,0.2027,0.0411,0.8106,0.9995,0.6548,0.0001,0.486
MOD13Q1_006__250m_16_days_NDVI_doy2006241_aid0001,_250m_16_days_NDVI,aid0001,2006-08-29,476139.0,-0.1883,0.9961,"(-0.1883,0.9961)",0.6844,0.1586,0.0252,0.822,0.9961,0.7296,0.1826,0.5659
MOD13Q1_006__250m_16_days_NDVI_doy2006257_aid0001,_250m_16_days_NDVI,aid0001,2006-09-14,476189.0,-0.079,0.9136,"(-0.079,0.9136)",0.6557,0.1632,0.0266,0.7984,0.9136,0.6955,0.1277,0.5279
MOD13Q1_006__250m_16_days_NDVI_doy2006273_aid0001,_250m_16_days_NDVI,aid0001,2006-09-30,476180.0,-0.0809,0.9801,"(-0.0809,0.9801)",0.6795,0.135,0.0182,0.794,0.9801,0.7191,0.27,0.5844
MOD13Q1_006__250m_16_days_NDVI_doy2006289_aid0001,_250m_16_days_NDVI,aid0001,2006-10-16,476185.0,0.0917,0.9529,"(0.0917,0.9529)",0.6304,0.0941,0.0089,0.6872,0.8502,0.635,0.4155,0.5785
MOD13Q1_006__250m_16_days_NDVI_doy2006305_aid0001,_250m_16_days_NDVI,aid0001,2006-11-01,476047.0,-0.1946,0.9968,"(-0.1946,0.9968)",0.615,0.1092,0.0119,0.6874,0.8641,0.6315,0.3929,0.5696
MOD13Q1_006__250m_16_days_NDVI_doy2006321_aid0001,_250m_16_days_NDVI,aid0001,2006-11-17,472092.0,-0.1622,0.9992,"(-0.1622,0.9992)",0.5054,0.1696,0.0288,0.6241,0.9235,0.5353,0.1251,0.4245
MOD13Q1_006__250m_16_days_NDVI_doy2006337_aid0001,_250m_16_days_NDVI,aid0001,2006-12-03,474963.0,-0.1557,0.998,"(-0.1557,0.998)",0.6228,0.1063,0.0113,0.6924,0.8665,0.638,0.4024,0.5764
MOD13Q1_006__250m_16_days_NDVI_doy2006353_aid0001,_250m_16_days_NDVI,aid0001,2006-12-19,476194.0,-0.1659,0.992,"(-0.1659,0.992)",0.6219,0.0933,0.0087,0.6867,0.8586,0.6314,0.4,0.572
MOD13Q1_006__250m_16_days_NDVI_doy2007001_aid0001,_250m_16_days_NDVI,aid0001,2007-01-01,473293.0,-0.1452,0.9969,"(-0.1452,0.9969)",0.5257,0.1825,0.0333,0.6516,0.9637,0.5808,0.1306,0.4432
MOD13Q1_006__250m_16_days_NDVI_doy2007017_aid0001,_250m_16_days_NDVI,aid0001,2007-01-17,470204.0,-0.1839,0.9994,"(-0.1839,0.9994)",0.337,0.2345,0.055,0.5471,0.9994,0.3393,-0.1839,0.1063
MOD13Q1_006__250m_16_days_NDVI_doy2007033_aid0001,_250m_16_days_NDVI,aid0001,2007-02-02,472180.0,-0.2,0.9979,"(-0.2,0.9979)",0.3902,0.232,0.0538,0.5843,0.9979,0.4571,-0.2,0.1434
MOD13Q1_006__250m_16_days_NDVI_doy2007049_aid0001,_250m_16_days_NDVI,aid0001,2007-02-18,475989.0,-0.1995,0.9936,"(-0.1995,0.9936)",0.5827,0.0946,0.0089,0.6455,0.8106,0.5913,0.3703,0.5354
MOD13Q1_006__250m_16_days_NDVI_doy2007065_aid0001,_250m_16_days_NDVI,aid0001,2007-03-06,476159.0,-0.1482,0.9953,"(-0.1482,0.9953)",0.5792,0.0909,0.0083,0.6422,0.8141,0.5858,0.3557,0.5276
MOD13Q1_006__250m_16_days_NDVI_doy2007081_aid0001,_250m_16_days_NDVI,aid0001,2007-03-22,476189.0,-0.1835,0.875,"(-0.1835,0.875)",0.5883,0.0933,0.0087,0.6528,0.8381,0.5909,0.3436,0.5291
MOD13Q1_006__250m_16_days_NDVI_doy2007097_aid0001,_250m_16_days_NDVI,aid0001,2007-04-07,476194.0,-0.0932,0.9037,"(-0.0932,0.9037)",0.6716,0.0979,0.0096,0.7363,0.893,0.695,0.4728,0.6309
MOD13Q1_006__250m_16_days_NDVI_doy2007113_aid0001,_250m_16_days_NDVI,aid0001,2007-04-23,476194.0,-0.0142,0.9048,"(-0.0142,0.9048)",0.7115,0.1127,0.0127,0.7955,0.9048,0.7425,0.4325,0.6503
MOD13Q1_006__250m_16_days_NDVI_doy2007129_aid0001,_250m_16_days_NDVI,aid0001,2007-05-09,476001.0,-0.0196,0.9988,"(-0.0196,0.9988)",0.7809,0.1137,0.0129,0.8586,0.9988,0.8146,0.5541,0.7368
MOD13Q1_006__250m_16_days_NDVI_doy2007145_aid0001,_250m_16_days_NDVI,aid0001,2007-05-25,476096.0,-0.0806,0.999,"(-0.0806,0.999)",0.7619,0.1033,0.0107,0.8385,0.999,0.7818,0.5073,0.706
MOD13Q1_006__250m_16_days_NDVI_doy2007161_aid0001,_250m_16_days_NDVI,aid0001,2007-06-10,474965.0,0.0102,0.9992,"(0.0102,0.9992)",0.7432,0.1184,0.014,0.8357,0.9992,0.7602,0.4247,0.6713
MOD13Q1_006__250m_16_days_NDVI_doy2007177_aid0001,_250m_16_days_NDVI,aid0001,2007-06-26,472962.0,-0.1444,0.9991,"(-0.1444,0.9991)",0.6525,0.1898,0.036,0.8052,0.9991,0.6776,0.1515,0.5437
MOD13Q1_006__250m_16_days_NDVI_doy2007193_aid0001,_250m_16_days_NDVI,aid0001,2007-07-12,476194.0,-0.0519,0.9598,"(-0.0519,0.9598)",0.6923,0.1588,0.0252,0.8359,0.9598,0.7257,0.1736,0.5675
MOD13Q1_006__250m_16_days_NDVI_doy2007209_aid0001,_250m_16_days_NDVI,aid0001,2007-07-28,476185.0,-0.0674,0.9683,"(-0.0674,0.9683)",0.6842,0.1608,0.0259,0.83,0.9683,0.7189,0.1565,0.5596
MOD13Q1_006__250m_16_days_NDVI_doy2007225_aid0001,_250m_16_days_NDVI,aid0001,2007-08-13,475085.0,0.0012,0.9994,"(0.0012,0.9994)",0.6896,0.1654,0.0274,0.8381,0.9994,0.7221,0.1604,0.567
MOD13Q1_006__250m_16_days_NDVI_doy2007241_aid0001,_250m_16_days_NDVI,aid0001,2007-08-29,473101.0,-0.0945,0.9994,"(-0.0945,0.9994)",0.6291,0.2156,0.0465,0.8203,0.9994,0.6638,-0.0001,0.4887
MOD13Q1_006__250m_16_days_NDVI_doy2007257_aid0001,_250m_16_days_NDVI,aid0001,2007-09-14,476146.0,-0.0186,0.9953,"(-0.0186,0.9953)",0.6491,0.1622,0.0263,0.792,0.9953,0.6922,0.1272,0.5244
MOD13Q1_006__250m_16_days_NDVI_doy2007273_aid0001,_250m_16_days_NDVI,aid0001,2007-09-30,476189.0,-0.0731,0.9131,"(-0.0731,0.9131)",0.6263,0.1436,0.0206,0.7468,0.9131,0.6651,0.1819,0.5205
MOD13Q1_006__250m_16_days_NDVI_doy2007289_aid0001,_250m_16_days_NDVI,aid0001,2007-10-16,475739.0,-0.1237,0.9963,"(-0.1237,0.9963)",0.5907,0.127,0.0161,0.6905,0.9634,0.6162,0.231,0.5067
MOD13Q1_006__250m_16_days_NDVI_doy2007305_aid0001,_250m_16_days_NDVI,aid0001,2007-11-01,474415.0,-0.157,0.9962,"(-0.157,0.9962)",0.5406,0.1376,0.0189,0.6303,0.8568,0.5621,0.2528,0.4793
MOD13Q1_006__250m_16_days_NDVI_doy2007321_aid0001,_250m_16_days_NDVI,aid0001,2007-11-17,472836.0,-0.1694,0.9981,"(-0.1694,0.9981)",0.4554,0.2022,0.0409,0.6071,0.9981,0.4981,-0.071,0.3358
MOD13Q1_006__250m_16_days_NDVI_doy2007337_aid0001,_250m_16_days_NDVI,aid0001,2007-12-03,474882.0,-0.1953,0.9971,"(-0.1953,0.9971)",0.4799,0.1365,0.0186,0.5665,0.8126,0.4888,0.1563,0.4024
MOD13Q1_006__250m_16_days_NDVI_doy2007353_aid0001,_250m_16_days_NDVI,aid0001,2007-12-19,476177.0,-0.1903,0.9983,"(-0.1903,0.9983)",0.5234,0.1382,0.0191,0.6152,0.8972,0.5218,0.1454,0.4272
MOD13Q1_006__250m_16_days_NDVI_doy2008001_aid0001,_250m_16_days_NDVI,aid0001,2008-01-01,473006.0,-0.1322,0.997,"(-0.1322,0.997)",0.4234,0.1628,0.0265,0.5193,0.7989,0.43,0.0533,0.3329
MOD13Q1_006__250m_16_days_NDVI_doy2008017_aid0001,_250m_16_days_NDVI,aid0001,2008-01-17,475728.0,-0.1956,0.9899,"(-0.1956,0.9899)",0.5062,0.1302,0.0169,0.59,0.8348,0.5132,0.1818,0.4267
MOD13Q1_006__250m_16_days_NDVI_doy2008033_aid0001,_250m_16_days_NDVI,aid0001,2008-02-02,476127.0,-0.1774,0.9577,"(-0.1774,0.9577)",0.5081,0.1225,0.015,0.5879,0.8324,0.5095,0.1799,0.4247
MOD13Q1_006__250m_16_days_NDVI_doy2008049_aid0001,_250m_16_days_NDVI,aid0001,2008-02-18,476163.0,-0.1571,0.8891,"(-0.1571,0.8891)",0.4925,0.1184,0.014,0.5678,0.8031,0.4927,0.1756,0.4109
MOD13Q1_006__250m_16_days_NDVI_doy2008065_aid0001,_250m_16_days_NDVI,aid0001,2008-03-05,474421.0,-0.1707,0.9973,"(-0.1707,0.9973)",0.4578,0.1627,0.0265,0.5649,0.8514,0.4824,0.0872,0.3738
MOD13Q1_006__250m_16_days_NDVI_doy2008081_aid0001,_250m_16_days_NDVI,aid0001,2008-03-21,474421.0,-0.1919,0.997,"(-0.1919,0.997)",0.4791,0.1624,0.0264,0.5862,0.8442,0.517,0.1562,0.4142
MOD13Q1_006__250m_16_days_NDVI_doy2008097_aid0001,_250m_16_days_NDVI,aid0001,2008-04-06,472354.0,-0.1897,0.9988,"(-0.1897,0.9988)",0.4904,0.1924,0.037,0.6324,0.9988,0.543,-0.0222,0.3692
MOD13Q1_006__250m_16_days_NDVI_doy2008113_aid0001,_250m_16_days_NDVI,aid0001,2008-04-22,475980.0,0.0011,0.9978,"(0.0011,0.9978)",0.6715,0.0987,0.0097,0.7391,0.9128,0.6862,0.4474,0.6224
MOD13Q1_006__250m_16_days_NDVI_doy2008129_aid0001,_250m_16_days_NDVI,aid0001,2008-05-08,476151.0,0.0153,0.9976,"(0.0153,0.9976)",0.7428,0.1102,0.0121,0.8259,0.9976,0.7668,0.4682,0.6828
MOD13Q1_006__250m_16_days_NDVI_doy2008145_aid0001,_250m_16_days_NDVI,aid0001,2008-05-24,475787.0,0.0354,0.9994,"(0.0354,0.9994)",0.7631,0.1139,0.013,0.8503,0.9994,0.7842,0.4753,0.7003
MOD13Q1_006__250m_16_days_NDVI_doy2008161_aid0001,_250m_16_days_NDVI,aid0001,2008-06-09,475623.0,-0.0468,0.9994,"(-0.0468,0.9994)",0.7463,0.1223,0.015,0.8492,0.9994,0.76,0.3862,0.664
MOD13Q1_006__250m_16_days_NDVI_doy2008177_aid0001,_250m_16_days_NDVI,aid0001,2008-06-25,475978.0,-0.0502,0.9981,"(-0.0502,0.9981)",0.6962,0.1528,0.0233,0.8379,0.9981,0.7057,0.1842,0.5764
MOD13Q1_006__250m_16_days_NDVI_doy2008193_aid0001,_250m_16_days_NDVI,aid0001,2008-07-11,469903.0,-0.1349,0.9995,"(-0.1349,0.9995)",0.6085,0.209,0.0437,0.7878,0.9995,0.614,-0.03,0.4565
MOD13Q1_006__250m_16_days_NDVI_doy2008209_aid0001,_250m_16_days_NDVI,aid0001,2008-07-27,476051.0,-0.1569,0.9986,"(-0.1569,0.9986)",0.6389,0.1897,0.036,0.8189,0.9986,0.6568,0.0324,0.4763
MOD13Q1_006__250m_16_days_NDVI_doy2008225_aid0001,_250m_16_days_NDVI,aid0001,2008-08-12,472453.0,-0.1513,0.9993,"(-0.1513,0.9993)",0.6287,0.2006,0.0402,0.8075,0.9993,0.6484,-0.0052,0.4763
MOD13Q1_006__250m_16_days_NDVI_doy2008241_aid0001,_250m_16_days_NDVI,aid0001,2008-08-28,476169.0,0.1239,0.9781,"(0.1239,0.9781)",0.6633,0.1783,0.0318,0.8301,0.9781,0.697,0.1239,0.517
MOD13Q1_006__250m_16_days_NDVI_doy2008257_aid0001,_250m_16_days_NDVI,aid0001,2008-09-13,476114.0,-0.1894,0.9972,"(-0.1894,0.9972)",0.6754,0.171,0.0292,0.8294,0.9972,0.7148,0.1173,0.5439
MOD13Q1_006__250m_16_days_NDVI_doy2008273_aid0001,_250m_16_days_NDVI,aid0001,2008-09-29,474416.0,-0.1284,0.9984,"(-0.1284,0.9984)",0.5652,0.1714,0.0294,0.698,0.9984,0.5902,0.1175,0.4658
MOD13Q1_006__250m_16_days_NDVI_doy2008289_aid0001,_250m_16_days_NDVI,aid0001,2008-10-15,476053.0,-0.1347,0.9954,"(-0.1347,0.9954)",0.6004,0.1027,0.0105,0.6734,0.8659,0.6172,0.3524,0.545
MOD13Q1_006__250m_16_days_NDVI_doy2008305_aid0001,_250m_16_days_NDVI,aid0001,2008-10-31,476055.0,-0.1783,0.9988,"(-0.1783,0.9988)",0.5986,0.0965,0.0093,0.665,0.839,0.6094,0.375,0.549
MOD13Q1_006__250m_16_days_NDVI_doy2008321_aid0001,_250m_16_days_NDVI,aid0001,2008-11-16,473846.0,-0.1366,0.9993,"(-0.1366,0.9993)",0.5188,0.1796,0.0322,0.639,0.9296,0.5625,0.1543,0.4451
MOD13Q1_006__250m_16_days_NDVI_doy2008337_aid0001,_250m_16_days_NDVI,aid0001,2008-12-02,472578.0,-0.1822,0.9993,"(-0.1822,0.9993)",0.2875,0.232,0.0538,0.4888,0.9993,0.2554,-0.1822,0.0714
MOD13Q1_006__250m_16_days_NDVI_doy2008353_aid0001,_250m_16_days_NDVI,aid0001,2008-12-18,476176.0,-0.1956,0.9984,"(-0.1956,0.9984)",0.5462,0.1263,0.016,0.6226,0.835,0.5556,0.2686,0.481
MOD13Q1_006__250m_16_days_NDVI_doy2009001_aid0001,_250m_16_days_NDVI,aid0001,2009-01-01,474737.0,-0.1695,0.9978,"(-0.1695,0.9978)",0.4134,0.1858,0.0345,0.5334,0.8261,0.4461,0.0452,0.3381
MOD13Q1_006__250m_16_days_NDVI_doy2009017_aid0001,_250m_16_days_NDVI,aid0001,2009-01-17,475255.0,-0.1491,0.9944,"(-0.1491,0.9944)",0.4505,0.1744,0.0304,0.5605,0.8382,0.4806,0.0975,0.3753
MOD13Q1_006__250m_16_days_NDVI_doy2009033_aid0001,_250m_16_days_NDVI,aid0001,2009-02-02,474449.0,-0.1892,0.9979,"(-0.1892,0.9979)",0.2452,0.2037,0.0415,0.4239,0.9928,0.2161,-0.1892,0.0426
MOD13Q1_006__250m_16_days_NDVI_doy2009049_aid0001,_250m_16_days_NDVI,aid0001,2009-02-18,475404.0,-0.1953,0.9964,"(-0.1953,0.9964)",0.264,0.2026,0.041,0.4297,0.9868,0.2971,-0.1953,0.0547
MOD13Q1_006__250m_16_days_NDVI_doy2009065_aid0001,_250m_16_days_NDVI,aid0001,2009-03-06,476128.0,-0.1927,0.9939,"(-0.1927,0.9939)",0.4626,0.1156,0.0134,0.5299,0.7247,0.4684,0.2052,0.4
MOD13Q1_006__250m_16_days_NDVI_doy2009081_aid0001,_250m_16_days_NDVI,aid0001,2009-03-22,476167.0,-0.1456,0.9667,"(-0.1456,0.9667)",0.5017,0.0989,0.0098,0.5638,0.7423,0.5064,0.2663,0.4448
MOD13Q1_006__250m_16_days_NDVI_doy2009097_aid0001,_250m_16_days_NDVI,aid0001,2009-04-07,476190.0,-0.05,0.9864,"(-0.05,0.9864)",0.6534,0.096,0.0092,0.7195,0.8865,0.6753,0.439,0.6073
MOD13Q1_006__250m_16_days_NDVI_doy2009113_aid0001,_250m_16_days_NDVI,aid0001,2009-04-23,475882.0,-0.0402,0.9994,"(-0.0402,0.9994)",0.7397,0.101,0.0102,0.8084,0.9744,0.7662,0.5307,0.6973
MOD13Q1_006__250m_16_days_NDVI_doy2009129_aid0001,_250m_16_days_NDVI,aid0001,2009-05-09,476055.0,0.065,0.9994,"(0.065,0.9994)",0.781,0.099,0.0098,0.848,0.9994,0.812,0.5933,0.7461
MOD13Q1_006__250m_16_days_NDVI_doy2009145_aid0001,_250m_16_days_NDVI,aid0001,2009-05-25,476012.0,-0.0061,0.999,"(-0.0061,0.999)",0.7954,0.0795,0.0063,0.8494,0.9807,0.8107,0.6284,0.761
MOD13Q1_006__250m_16_days_NDVI_doy2009161_aid0001,_250m_16_days_NDVI,aid0001,2009-06-10,475938.0,-0.0332,0.9977,"(-0.0332,0.9977)",0.7843,0.0953,0.0091,0.8506,0.9977,0.8074,0.5854,0.7445
MOD13Q1_006__250m_16_days_NDVI_doy2009177_aid0001,_250m_16_days_NDVI,aid0001,2009-06-26,470412.0,-0.0219,0.9995,"(-0.0219,0.9995)",0.6833,0.1737,0.0302,0.8114,0.9995,0.716,0.2909,0.6032
MOD13Q1_006__250m_16_days_NDVI_doy2009193_aid0001,_250m_16_days_NDVI,aid0001,2009-07-12,476191.0,-0.0944,0.9366,"(-0.0944,0.9366)",0.7028,0.1591,0.0253,0.8439,0.9366,0.7468,0.1915,0.5827
MOD13Q1_006__250m_16_days_NDVI_doy2009209_aid0001,_250m_16_days_NDVI,aid0001,2009-07-28,475212.0,-0.0802,0.9971,"(-0.0802,0.9971)",0.6465,0.1719,0.0296,0.8033,0.9971,0.6691,0.0748,0.5119
MOD13Q1_006__250m_16_days_NDVI_doy2009225_aid0001,_250m_16_days_NDVI,aid0001,2009-08-13,476194.0,-0.1313,0.9685,"(-0.1313,0.9685)",0.6693,0.165,0.0272,0.8193,0.9685,0.7038,0.1315,0.5412
MOD13Q1_006__250m_16_days_NDVI_doy2009241_aid0001,_250m_16_days_NDVI,aid0001,2009-08-29,476169.0,-0.1797,0.9757,"(-0.1797,0.9757)",0.6476,0.1728,0.0299,0.8063,0.9757,0.6884,0.065,0.5094
MOD13Q1_006__250m_16_days_NDVI_doy2009257_aid0001,_250m_16_days_NDVI,aid0001,2009-09-14,476141.0,-0.0031,0.999,"(-0.0031,0.999)",0.6514,0.1608,0.0258,0.7964,0.999,0.6908,0.1197,0.5224
MOD13Q1_006__250m_16_days_NDVI_doy2009273_aid0001,_250m_16_days_NDVI,aid0001,2009-09-30,475734.0,-0.0067,0.9986,"(-0.0067,0.9986)",0.6386,0.1309,0.0171,0.7452,0.9986,0.6681,0.2718,0.5558
MOD13Q1_006__250m_16_days_NDVI_doy2009289_aid0001,_250m_16_days_NDVI,aid0001,2009-10-16,476109.0,-0.0789,0.9946,"(-0.0789,0.9946)",0.652,0.1256,0.0158,0.7563,0.9946,0.6822,0.2806,0.566
MOD13Q1_006__250m_16_days_NDVI_doy2009305_aid0001,_250m_16_days_NDVI,aid0001,2009-11-01,472108.0,-0.1787,0.9987,"(-0.1787,0.9987)",0.4108,0.2064,0.0426,0.5699,0.9987,0.4602,-0.1787,0.2415
MOD13Q1_006__250m_16_days_NDVI_doy2009321_aid0001,_250m_16_days_NDVI,aid0001,2009-11-17,476035.0,-0.1905,0.9813,"(-0.1905,0.9813)",0.592,0.1157,0.0134,0.6722,0.8973,0.6034,0.297,0.5221
MOD13Q1_006__250m_16_days_NDVI_doy2009337_aid0001,_250m_16_days_NDVI,aid0001,2009-12-03,461350.0,-0.1323,0.9986,"(-0.1323,0.9986)",0.3869,0.2172,0.0472,0.5561,0.9986,0.3888,-0.1323,0.2049
MOD13Q1_006__250m_16_days_NDVI_doy2009353_aid0001,_250m_16_days_NDVI,aid0001,2009-12-19,476064.0,-0.1938,0.998,"(-0.1938,0.998)",0.4098,0.2325,0.0541,0.5826,0.998,0.4714,-0.1938,0.2081
MOD13Q1_006__250m_16_days_NDVI_doy2010001_aid0001,_250m_16_days_NDVI,aid0001,2010-01-01,469157.0,-0.198,0.9989,"(-0.198,0.9989)",0.0656,0.1007,0.0101,0.0803,0.1889,0.0339,-0.1005,0.0079
MOD13Q1_006__250m_16_days_NDVI_doy2010017_aid0001,_250m_16_days_NDVI,aid0001,2010-01-17,471240.0,-0.1933,0.9926,"(-0.1933,0.9926)",0.0369,0.0776,0.006,0.0533,0.1359,0.0185,-0.0844,-0.0018
MOD13Q1_006__250m_16_days_NDVI_doy2010033_aid0001,_250m_16_days_NDVI,aid0001,2010-02-02,474511.0,-0.1513,0.9987,"(-0.1513,0.9987)",0.0812,0.1333,0.0178,0.1168,0.2927,0.028,-0.1513,-0.0005
MOD13Q1_006__250m_16_days_NDVI_doy2010049_aid0001,_250m_16_days_NDVI,aid0001,2010-02-18,475568.0,-0.1967,0.9986,"(-0.1967,0.9986)",0.4324,0.165,0.0272,0.5333,0.7868,0.4558,0.1108,0.3643
MOD13Q1_006__250m_16_days_NDVI_doy2010065_aid0001,_250m_16_days_NDVI,aid0001,2010-03-06,475482.0,-0.1721,0.9976,"(-0.1721,0.9976)",0.2985,0.2037,0.0415,0.458,0.9976,0.3396,-0.1721,0.0727
MOD13Q1_006__250m_16_days_NDVI_doy2010081_aid0001,_250m_16_days_NDVI,aid0001,2010-03-22,476187.0,-0.1738,0.9968,"(-0.1738,0.9968)",0.5148,0.1008,0.0102,0.5867,0.7907,0.5183,0.2462,0.4505
MOD13Q1_006__250m_16_days_NDVI_doy2010097_aid0001,_250m_16_days_NDVI,aid0001,2010-04-07,476192.0,-0.129,0.8902,"(-0.129,0.8902)",0.5971,0.0978,0.0096,0.6656,0.8551,0.6038,0.3489,0.5389
MOD13Q1_006__250m_16_days_NDVI_doy2010113_aid0001,_250m_16_days_NDVI,aid0001,2010-04-23,476194.0,-0.1195,0.9667,"(-0.1195,0.9667)",0.6363,0.0928,0.0086,0.7012,0.8788,0.6471,0.4052,0.5828
MOD13Q1_006__250m_16_days_NDVI_doy2010129_aid0001,_250m_16_days_NDVI,aid0001,2010-05-09,474205.0,-0.0101,0.9995,"(-0.0101,0.9995)",0.7032,0.1557,0.0242,0.8071,0.9995,0.7521,0.4126,0.6493
MOD13Q1_006__250m_16_days_NDVI_doy2010145_aid0001,_250m_16_days_NDVI,aid0001,2010-05-25,476122.0,-0.1562,0.9988,"(-0.1562,0.9988)",0.7903,0.1028,0.0106,0.8602,0.9988,0.8232,0.5952,0.7542
MOD13Q1_006__250m_16_days_NDVI_doy2010161_aid0001,_250m_16_days_NDVI,aid0001,2010-06-10,475949.0,0.0397,0.9987,"(0.0397,0.9987)",0.7808,0.0944,0.0089,0.8457,0.9987,0.8041,0.5887,0.7429
MOD13Q1_006__250m_16_days_NDVI_doy2010177_aid0001,_250m_16_days_NDVI,aid0001,2010-06-26,476091.0,0.0129,0.9994,"(0.0129,0.9994)",0.6954,0.1393,0.0194,0.8209,0.9994,0.7099,0.2264,0.5831
MOD13Q1_006__250m_16_days_NDVI_doy2010193_aid0001,_250m_16_days_NDVI,aid0001,2010-07-12,476108.0,-0.0861,0.9967,"(-0.0861,0.9967)",0.6571,0.1747,0.0305,0.8248,0.9967,0.6726,0.0845,0.5142
MOD13Q1_006__250m_16_days_NDVI_doy2010209_aid0001,_250m_16_days_NDVI,aid0001,2010-07-28,474874.0,-0.0609,0.9993,"(-0.0609,0.9993)",0.678,0.1674,0.028,0.8264,0.9993,0.7051,0.1487,0.5553
MOD13Q1_006__250m_16_days_NDVI_doy2010225_aid0001,_250m_16_days_NDVI,aid0001,2010-08-13,476133.0,-0.0121,0.992,"(-0.0121,0.992)",0.7159,0.1499,0.0225,0.8483,0.992,0.7557,0.2414,0.6055
MOD13Q1_006__250m_16_days_NDVI_doy2010241_aid0001,_250m_16_days_NDVI,aid0001,2010-08-29,473649.0,-0.0865,0.9992,"(-0.0865,0.9992)",0.6699,0.17,0.0289,0.8152,0.9992,0.7017,0.1702,0.5572
MOD13Q1_006__250m_16_days_NDVI_doy2010257_aid0001,_250m_16_days_NDVI,aid0001,2010-09-14,476176.0,-0.0937,0.989,"(-0.0937,0.989)",0.6803,0.151,0.0228,0.8129,0.989,0.7198,0.2082,0.571
MOD13Q1_006__250m_16_days_NDVI_doy2010273_aid0001,_250m_16_days_NDVI,aid0001,2010-09-30,476192.0,-0.0485,0.8982,"(-0.0485,0.8982)",0.6364,0.1406,0.0198,0.7504,0.8982,0.6833,0.2187,0.5376
MOD13Q1_006__250m_16_days_NDVI_doy2010289_aid0001,_250m_16_days_NDVI,aid0001,2010-10-16,475956.0,-0.0939,0.9972,"(-0.0939,0.9972)",0.5987,0.1263,0.0159,0.696,0.9564,0.6221,0.2568,0.5203
MOD13Q1_006__250m_16_days_NDVI_doy2010305_aid0001,_250m_16_days_NDVI,aid0001,2010-11-01,475850.0,-0.1894,0.9972,"(-0.1894,0.9972)",0.5675,0.1397,0.0195,0.6611,0.905,0.5938,0.2529,0.4978
MOD13Q1_006__250m_16_days_NDVI_doy2010321_aid0001,_250m_16_days_NDVI,aid0001,2010-11-17,469366.0,-0.1912,0.9991,"(-0.1912,0.9991)",0.1656,0.1793,0.0321,0.217,0.4768,0.1074,-0.1912,0.0438
MOD13Q1_006__250m_16_days_NDVI_doy2010337_aid0001,_250m_16_days_NDVI,aid0001,2010-12-03,473257.0,-0.1979,0.9985,"(-0.1979,0.9985)",0.11,0.1402,0.0197,0.1747,0.4201,0.0593,-0.1979,0.0111
MOD13Q1_006__250m_16_days_NDVI_doy2010353_aid0001,_250m_16_days_NDVI,aid0001,2010-12-19,475631.0,-0.1991,0.9993,"(-0.1991,0.9993)",0.0813,0.1562,0.0244,0.102,0.2656,0.0259,-0.1705,-0.0071
MOD13Q1_006__250m_16_days_NDVI_doy2011001_aid0001,_250m_16_days_NDVI,aid0001,2011-01-01,473264.0,-0.1991,0.9979,"(-0.1991,0.9979)",0.4532,0.2142,0.0459,0.594,0.9188,0.4921,0.0523,0.3773
MOD13Q1_006__250m_16_days_NDVI_doy2011017_aid0001,_250m_16_days_NDVI,aid0001,2011-01-17,471493.0,-0.1922,0.999,"(-0.1922,0.999)",0.4006,0.2232,0.0498,0.5631,0.999,0.4243,-0.1922,0.24
MOD13Q1_006__250m_16_days_NDVI_doy2011033_aid0001,_250m_16_days_NDVI,aid0001,2011-02-02,476043.0,-0.1952,0.9735,"(-0.1952,0.9735)",0.5007,0.1216,0.0148,0.5813,0.8291,0.4956,0.1683,0.4161
MOD13Q1_006__250m_16_days_NDVI_doy2011049_aid0001,_250m_16_days_NDVI,aid0001,2011-02-18,476156.0,-0.1989,0.9383,"(-0.1989,0.9383)",0.45,0.1241,0.0154,0.5322,0.7935,0.4392,0.097,0.358
MOD13Q1_006__250m_16_days_NDVI_doy2011065_aid0001,_250m_16_days_NDVI,aid0001,2011-03-06,476184.0,-0.1985,0.8458,"(-0.1985,0.8458)",0.4596,0.114,0.013,0.5353,0.775,0.4596,0.1358,0.3755
MOD13Q1_006__250m_16_days_NDVI_doy2011081_aid0001,_250m_16_days_NDVI,aid0001,2011-03-22,476193.0,-0.1894,0.8112,"(-0.1894,0.8112)",0.4924,0.1057,0.0112,0.5632,0.7757,0.4985,0.2087,0.4214
MOD13Q1_006__250m_16_days_NDVI_doy2011097_aid0001,_250m_16_days_NDVI,aid0001,2011-04-07,476128.0,-0.1261,0.9945,"(-0.1261,0.9945)",0.5959,0.1093,0.0119,0.6759,0.892,0.6063,0.3117,0.5302
MOD13Q1_006__250m_16_days_NDVI_doy2011113_aid0001,_250m_16_days_NDVI,aid0001,2011-04-23,476194.0,-0.09,0.9296,"(-0.09,0.9296)",0.6853,0.1147,0.0132,0.7713,0.9296,0.7058,0.3866,0.6174
MOD13Q1_006__250m_16_days_NDVI_doy2011129_aid0001,_250m_16_days_NDVI,aid0001,2011-05-09,476102.0,-0.0524,0.9928,"(-0.0524,0.9928)",0.7072,0.1231,0.0152,0.8048,0.9928,0.7312,0.3756,0.6331
MOD13Q1_006__250m_16_days_NDVI_doy2011145_aid0001,_250m_16_days_NDVI,aid0001,2011-05-25,476192.0,-0.1773,0.9408,"(-0.1773,0.9408)",0.7145,0.1319,0.0174,0.8299,0.9408,0.7284,0.3142,0.6236
MOD13Q1_006__250m_16_days_NDVI_doy2011161_aid0001,_250m_16_days_NDVI,aid0001,2011-06-10,470072.0,-0.0545,0.9996,"(-0.0545,0.9996)",0.6532,0.2017,0.0407,0.801,0.9996,0.697,0.1965,0.5592
MOD13Q1_006__250m_16_days_NDVI_doy2011177_aid0001,_250m_16_days_NDVI,aid0001,2011-06-26,476177.0,-0.0134,0.9907,"(-0.0134,0.9907)",0.741,0.1062,0.0113,0.8293,0.9907,0.7606,0.4286,0.669
MOD13Q1_006__250m_16_days_NDVI_doy2011193_aid0001,_250m_16_days_NDVI,aid0001,2011-07-12,475385.0,-0.1141,0.9988,"(-0.1141,0.9988)",0.6998,0.1435,0.0206,0.8207,0.9988,0.727,0.2717,0.6011
MOD13Q1_006__250m_16_days_NDVI_doy2011209_aid0001,_250m_16_days_NDVI,aid0001,2011-07-28,473337.0,-0.0824,0.9993,"(-0.0824,0.9993)",0.6796,0.1679,0.0282,0.821,0.9993,0.7125,0.1838,0.5661
MOD13Q1_006__250m_16_days_NDVI_doy2011225_aid0001,_250m_16_days_NDVI,aid0001,2011-08-13,476174.0,-0.1722,0.9965,"(-0.1722,0.9965)",0.7032,0.1574,0.0248,0.8363,0.9965,0.7529,0.2203,0.5899
MOD13Q1_006__250m_16_days_NDVI_doy2011241_aid0001,_250m_16_days_NDVI,aid0001,2011-08-29,475891.0,-0.0168,0.9991,"(-0.0168,0.9991)",0.6876,0.1664,0.0277,0.8329,0.9991,0.7338,0.1628,0.5648
MOD13Q1_006__250m_16_days_NDVI_doy2011257_aid0001,_250m_16_days_NDVI,aid0001,2011-09-14,476134.0,-0.0583,0.9963,"(-0.0583,0.9963)",0.6757,0.1592,0.0253,0.8107,0.9963,0.7259,0.1812,0.5588
MOD13Q1_006__250m_16_days_NDVI_doy2011273_aid0001,_250m_16_days_NDVI,aid0001,2011-09-30,476171.0,-0.1589,0.9541,"(-0.1589,0.9541)",0.6761,0.1489,0.0222,0.8013,0.9541,0.7244,0.2269,0.5714
MOD13Q1_006__250m_16_days_NDVI_doy2011289_aid0001,_250m_16_days_NDVI,aid0001,2011-10-16,476184.0,-0.1557,0.8839,"(-0.1557,0.8839)",0.6529,0.1316,0.0173,0.7584,0.8839,0.6937,0.2849,0.569
MOD13Q1_006__250m_16_days_NDVI_doy2011305_aid0001,_250m_16_days_NDVI,aid0001,2011-11-01,476185.0,-0.1448,0.8814,"(-0.1448,0.8814)",0.5773,0.11,0.0121,0.6525,0.8505,0.5939,0.3225,0.5205
MOD13Q1_006__250m_16_days_NDVI_doy2011321_aid0001,_250m_16_days_NDVI,aid0001,2011-11-17,475871.0,-0.1963,0.9973,"(-0.1963,0.9973)",0.574,0.1119,0.0125,0.6489,0.8555,0.5861,0.3042,0.511
MOD13Q1_006__250m_16_days_NDVI_doy2011337_aid0001,_250m_16_days_NDVI,aid0001,2011-12-03,462088.0,-0.1988,0.9989,"(-0.1988,0.9989)",0.4321,0.2307,0.0532,0.6156,0.9989,0.4665,-0.1988,0.2417
MOD13Q1_006__250m_16_days_NDVI_doy2011353_aid0001,_250m_16_days_NDVI,aid0001,2011-12-19,476034.0,-0.1995,0.9988,"(-0.1995,0.9988)",0.3358,0.2152,0.0463,0.5169,0.9988,0.3466,-0.1995,0.1259
MOD13Q1_006__250m_16_days_NDVI_doy2012001_aid0001,_250m_16_days_NDVI,aid0001,2012-01-01,474798.0,-0.1914,0.998,"(-0.1914,0.998)",0.5305,0.1502,0.0226,0.6235,0.872,0.5448,0.2093,0.4578
MOD13Q1_006__250m_16_days_NDVI_doy2012017_aid0001,_250m_16_days_NDVI,aid0001,2012-01-17,474350.0,-0.1995,0.9982,"(-0.1995,0.9982)",0.4037,0.1829,0.0335,0.534,0.9219,0.4312,-0.1118,0.2754
MOD13Q1_006__250m_16_days_NDVI_doy2012033_aid0001,_250m_16_days_NDVI,aid0001,2012-02-02,475043.0,-0.2,0.999,"(-0.2,0.999)",0.3649,0.1924,0.037,0.5067,0.9382,0.3816,-0.2,0.219
MOD13Q1_006__250m_16_days_NDVI_doy2012049_aid0001,_250m_16_days_NDVI,aid0001,2012-02-18,476023.0,-0.1659,0.9945,"(-0.1659,0.9945)",0.4254,0.1328,0.0176,0.5186,0.7951,0.4115,0.0576,0.3342
MOD13Q1_006__250m_16_days_NDVI_doy2012065_aid0001,_250m_16_days_NDVI,aid0001,2012-03-05,476177.0,-0.1694,0.7965,"(-0.1694,0.7965)",0.4318,0.1237,0.0153,0.5186,0.7907,0.4195,0.061,0.3355
MOD13Q1_006__250m_16_days_NDVI_doy2012081_aid0001,_250m_16_days_NDVI,aid0001,2012-03-21,476192.0,-0.1739,0.8332,"(-0.1739,0.8332)",0.4625,0.1191,0.0142,0.545,0.7958,0.4704,0.1263,0.3775
MOD13Q1_006__250m_16_days_NDVI_doy2012097_aid0001,_250m_16_days_NDVI,aid0001,2012-04-06,473645.0,-0.0234,0.9988,"(-0.0234,0.9988)",0.4738,0.1672,0.0279,0.5952,0.9282,0.4973,0.0397,0.373
MOD13Q1_006__250m_16_days_NDVI_doy2012113_aid0001,_250m_16_days_NDVI,aid0001,2012-04-22,476173.0,-0.185,0.9862,"(-0.185,0.9862)",0.6353,0.1261,0.0159,0.7314,0.9862,0.6686,0.3019,0.5596
MOD13Q1_006__250m_16_days_NDVI_doy2012129_aid0001,_250m_16_days_NDVI,aid0001,2012-05-08,476188.0,0.0244,0.973,"(0.0244,0.973)",0.7415,0.1157,0.0134,0.8281,0.973,0.7752,0.4639,0.6824
MOD13Q1_006__250m_16_days_NDVI_doy2012145_aid0001,_250m_16_days_NDVI,aid0001,2012-05-24,476177.0,-0.0645,0.9737,"(-0.0645,0.9737)",0.7601,0.1249,0.0156,0.8567,0.9737,0.7959,0.4437,0.6915
MOD13Q1_006__250m_16_days_NDVI_doy2012161_aid0001,_250m_16_days_NDVI,aid0001,2012-06-09,473860.0,0.0197,0.9995,"(0.0197,0.9995)",0.7825,0.1311,0.0172,0.8645,0.9995,0.8186,0.5685,0.7461
MOD13Q1_006__250m_16_days_NDVI_doy2012177_aid0001,_250m_16_days_NDVI,aid0001,2012-06-25,476144.0,0.1433,0.9938,"(0.1433,0.9938)",0.7508,0.1017,0.0103,0.8253,0.9938,0.7698,0.4858,0.6895
MOD13Q1_006__250m_16_days_NDVI_doy2012193_aid0001,_250m_16_days_NDVI,aid0001,2012-07-11,476139.0,0.0384,0.9937,"(0.0384,0.9937)",0.7134,0.1352,0.0183,0.833,0.9937,0.7381,0.2791,0.6113
MOD13Q1_006__250m_16_days_NDVI_doy2012209_aid0001,_250m_16_days_NDVI,aid0001,2012-07-27,476099.0,-0.0734,0.9968,"(-0.0734,0.9968)",0.6974,0.1577,0.0249,0.8402,0.9968,0.7302,0.1781,0.575
MOD13Q1_006__250m_16_days_NDVI_doy2012225_aid0001,_250m_16_days_NDVI,aid0001,2012-08-12,476191.0,-0.0054,0.9939,"(-0.0054,0.9939)",0.6647,0.1765,0.0311,0.8312,0.9939,0.6948,0.0831,0.5193
MOD13Q1_006__250m_16_days_NDVI_doy2012241_aid0001,_250m_16_days_NDVI,aid0001,2012-08-28,476189.0,-0.1982,0.9436,"(-0.1982,0.9436)",0.6646,0.1902,0.0362,0.8417,0.9436,0.7107,0.024,0.5084
MOD13Q1_006__250m_16_days_NDVI_doy2012257_aid0001,_250m_16_days_NDVI,aid0001,2012-09-13,475465.0,-0.1733,0.9974,"(-0.1733,0.9974)",0.6509,0.1773,0.0314,0.8122,0.9974,0.687,0.0528,0.5084
MOD13Q1_006__250m_16_days_NDVI_doy2012273_aid0001,_250m_16_days_NDVI,aid0001,2012-09-29,476144.0,-0.1634,0.9934,"(-0.1634,0.9934)",0.6597,0.1569,0.0246,0.7932,0.9934,0.7035,0.1682,0.5431
MOD13Q1_006__250m_16_days_NDVI_doy2012289_aid0001,_250m_16_days_NDVI,aid0001,2012-10-15,476153.0,-0.0817,0.9751,"(-0.0817,0.9751)",0.6133,0.1204,0.0145,0.7056,0.9529,0.6254,0.2851,0.5374
MOD13Q1_006__250m_16_days_NDVI_doy2012305_aid0001,_250m_16_days_NDVI,aid0001,2012-10-31,475211.0,-0.1302,0.9976,"(-0.1302,0.9976)",0.5951,0.1297,0.0168,0.6796,0.8896,0.6212,0.3294,0.5395
MOD13Q1_006__250m_16_days_NDVI_doy2012321_aid0001,_250m_16_days_NDVI,aid0001,2012-11-16,473642.0,-0.1494,0.9989,"(-0.1494,0.9989)",0.5045,0.2133,0.0455,0.6573,0.9989,0.5699,-0.0326,0.3812
MOD13Q1_006__250m_16_days_NDVI_doy2012337_aid0001,_250m_16_days_NDVI,aid0001,2012-12-02,467331.0,-0.1944,0.9981,"(-0.1944,0.9981)",0.1488,0.176,0.031,0.2014,0.4559,0.0886,-0.1944,0.0317
MOD13Q1_006__250m_16_days_NDVI_doy2012353_aid0001,_250m_16_days_NDVI,aid0001,2012-12-18,476048.0,-0.1948,0.9991,"(-0.1948,0.9991)",0.4739,0.2018,0.0407,0.6171,0.9991,0.5096,-0.0918,0.331
MOD13Q1_006__250m_16_days_NDVI_doy2013001_aid0001,_250m_16_days_NDVI,aid0001,2013-01-01,471883.0,-0.172,0.9985,"(-0.172,0.9985)",0.5182,0.173,0.0299,0.6268,0.9182,0.5354,0.1411,0.4325
MOD13Q1_006__250m_16_days_NDVI_doy2013017_aid0001,_250m_16_days_NDVI,aid0001,2013-01-17,473864.0,-0.1455,0.9989,"(-0.1455,0.9989)",0.0555,0.1029,0.0106,0.0678,0.1648,0.0287,-0.0939,0.0031
MOD13Q1_006__250m_16_days_NDVI_doy2013033_aid0001,_250m_16_days_NDVI,aid0001,2013-02-02,473022.0,-0.1996,0.9992,"(-0.1996,0.9992)",0.2083,0.1864,0.0347,0.3245,0.7284,0.1489,-0.1996,0.0552
MOD13Q1_006__250m_16_days_NDVI_doy2013049_aid0001,_250m_16_days_NDVI,aid0001,2013-02-18,476027.0,-0.1747,0.9908,"(-0.1747,0.9908)",0.3421,0.2133,0.0455,0.5103,0.9908,0.4023,-0.1747,0.1384
MOD13Q1_006__250m_16_days_NDVI_doy2013065_aid0001,_250m_16_days_NDVI,aid0001,2013-03-06,475943.0,-0.1772,0.9769,"(-0.1772,0.9769)",0.305,0.208,0.0433,0.4855,0.9769,0.3437,-0.1772,0.0846
MOD13Q1_006__250m_16_days_NDVI_doy2013081_aid0001,_250m_16_days_NDVI,aid0001,2013-03-22,474969.0,-0.1272,0.9984,"(-0.1272,0.9984)",0.4346,0.1377,0.019,0.5213,0.7572,0.4516,0.1281,0.364
MOD13Q1_006__250m_16_days_NDVI_doy2013097_aid0001,_250m_16_days_NDVI,aid0001,2013-04-07,476125.0,-0.1388,0.9736,"(-0.1388,0.9736)",0.5402,0.0968,0.0094,0.6047,0.7835,0.5435,0.3067,0.4855
MOD13Q1_006__250m_16_days_NDVI_doy2013113_aid0001,_250m_16_days_NDVI,aid0001,2013-04-23,475886.0,-0.0896,0.9957,"(-0.0896,0.9957)",0.661,0.1116,0.0125,0.7424,0.9659,0.6685,0.3677,0.5925
MOD13Q1_006__250m_16_days_NDVI_doy2013129_aid0001,_250m_16_days_NDVI,aid0001,2013-05-09,473882.0,-0.0493,0.9993,"(-0.0493,0.9993)",0.7343,0.1635,0.0267,0.8489,0.9993,0.7888,0.4097,0.6732
MOD13Q1_006__250m_16_days_NDVI_doy2013145_aid0001,_250m_16_days_NDVI,aid0001,2013-05-25,474473.0,-0.1555,0.9991,"(-0.1555,0.9991)",0.773,0.1359,0.0185,0.8642,0.9991,0.8188,0.517,0.7253
MOD13Q1_006__250m_16_days_NDVI_doy2013161_aid0001,_250m_16_days_NDVI,aid0001,2013-06-10,476169.0,0.1651,0.9911,"(0.1651,0.9911)",0.7813,0.0993,0.0099,0.8546,0.9911,0.8081,0.5514,0.7333
MOD13Q1_006__250m_16_days_NDVI_doy2013177_aid0001,_250m_16_days_NDVI,aid0001,2013-06-26,474943.0,-0.1096,0.9996,"(-0.1096,0.9996)",0.7567,0.1261,0.0159,0.8499,0.9996,0.7791,0.4709,0.6983
MOD13Q1_006__250m_16_days_NDVI_doy2013193_aid0001,_250m_16_days_NDVI,aid0001,2013-07-12,476111.0,-0.0054,0.9994,"(-0.0054,0.9994)",0.7121,0.138,0.019,0.8398,0.9994,0.7256,0.2521,0.6046
MOD13Q1_006__250m_16_days_NDVI_doy2013209_aid0001,_250m_16_days_NDVI,aid0001,2013-07-28,476190.0,-0.1838,0.9522,"(-0.1838,0.9522)",0.6704,0.1833,0.0336,0.8436,0.9522,0.7004,0.0378,0.5205
MOD13Q1_006__250m_16_days_NDVI_doy2013225_aid0001,_250m_16_days_NDVI,aid0001,2013-08-13,476194.0,-0.0946,0.973,"(-0.0946,0.973)",0.6688,0.1886,0.0356,0.846,0.973,0.7068,0.0503,0.5147
MOD13Q1_006__250m_16_days_NDVI_doy2013241_aid0001,_250m_16_days_NDVI,aid0001,2013-08-29,476188.0,-0.0403,0.9885,"(-0.0403,0.9885)",0.6822,0.1763,0.0311,0.8476,0.9885,0.7165,0.0932,0.545
MOD13Q1_006__250m_16_days_NDVI_doy2013257_aid0001,_250m_16_days_NDVI,aid0001,2013-09-14,476136.0,-0.0617,0.991,"(-0.0617,0.991)",0.6963,0.1514,0.0229,0.8277,0.991,0.7356,0.2243,0.5863
MOD13Q1_006__250m_16_days_NDVI_doy2013273_aid0001,_250m_16_days_NDVI,aid0001,2013-09-30,475555.0,-0.0915,0.9979,"(-0.0915,0.9979)",0.6672,0.1652,0.0273,0.8147,0.9979,0.6997,0.1434,0.546
MOD13Q1_006__250m_16_days_NDVI_doy2013289_aid0001,_250m_16_days_NDVI,aid0001,2013-10-16,476171.0,-0.1786,0.9832,"(-0.1786,0.9832)",0.6436,0.1203,0.0145,0.7348,0.9734,0.6725,0.3243,0.5706
MOD13Q1_006__250m_16_days_NDVI_doy2013305_aid0001,_250m_16_days_NDVI,aid0001,2013-11-01,471633.0,-0.1528,0.9989,"(-0.1528,0.9989)",0.6113,0.1688,0.0285,0.7196,0.9777,0.6477,0.2894,0.5475
MOD13Q1_006__250m_16_days_NDVI_doy2013321_aid0001,_250m_16_days_NDVI,aid0001,2013-11-17,474868.0,-0.1834,0.9986,"(-0.1834,0.9986)",0.6389,0.1233,0.0152,0.7167,0.9254,0.6503,0.3687,0.5775
MOD13Q1_006__250m_16_days_NDVI_doy2013337_aid0001,_250m_16_days_NDVI,aid0001,2013-12-03,473619.0,-0.129,0.999,"(-0.129,0.999)",0.578,0.1511,0.0228,0.6785,0.9533,0.5967,0.2205,0.4953
MOD13Q1_006__250m_16_days_NDVI_doy2013353_aid0001,_250m_16_days_NDVI,aid0001,2013-12-19,476085.0,-0.1922,0.9989,"(-0.1922,0.9989)",0.6026,0.136,0.0185,0.6851,0.9143,0.6141,0.3031,0.5323
MOD13Q1_006__250m_16_days_NDVI_doy2014001_aid0001,_250m_16_days_NDVI,aid0001,2014-01-01,473006.0,-0.1922,0.9989,"(-0.1922,0.9989)",0.5816,0.1455,0.0212,0.6733,0.9226,0.5997,0.2576,0.507
MOD13Q1_006__250m_16_days_NDVI_doy2014017_aid0001,_250m_16_days_NDVI,aid0001,2014-01-17,473071.0,-0.1798,0.9984,"(-0.1798,0.9984)",0.3059,0.2431,0.0591,0.5252,0.9984,0.2739,-0.1798,0.0689
MOD13Q1_006__250m_16_days_NDVI_doy2014033_aid0001,_250m_16_days_NDVI,aid0001,2014-02-02,472879.0,-0.175,0.998,"(-0.175,0.998)",0.4558,0.205,0.042,0.5962,0.9557,0.5071,-0.0033,0.3564
MOD13Q1_006__250m_16_days_NDVI_doy2014049_aid0001,_250m_16_days_NDVI,aid0001,2014-02-18,476061.0,-0.1721,0.9823,"(-0.1721,0.9823)",0.5446,0.1057,0.0112,0.6107,0.8,0.5483,0.2952,0.4845
MOD13Q1_006__250m_16_days_NDVI_doy2014065_aid0001,_250m_16_days_NDVI,aid0001,2014-03-06,476194.0,-0.1944,0.8907,"(-0.1944,0.8907)",0.5469,0.1005,0.0101,0.6134,0.7967,0.5523,0.3079,0.4912
MOD13Q1_006__250m_16_days_NDVI_doy2014081_aid0001,_250m_16_days_NDVI,aid0001,2014-03-22,476176.0,0.0198,0.9765,"(0.0198,0.9765)",0.5829,0.0928,0.0086,0.6473,0.8279,0.5867,0.3463,0.5269
MOD13Q1_006__250m_16_days_NDVI_doy2014097_aid0001,_250m_16_days_NDVI,aid0001,2014-04-07,475786.0,-0.0147,0.9973,"(-0.0147,0.9973)",0.6785,0.1027,0.0105,0.7457,0.9128,0.7001,0.4665,0.634
MOD13Q1_006__250m_16_days_NDVI_doy2014113_aid0001,_250m_16_days_NDVI,aid0001,2014-04-23,475241.0,-0.0154,0.999,"(-0.0154,0.999)",0.7113,0.1149,0.0132,0.7867,0.9743,0.7408,0.4735,0.6614
MOD13Q1_006__250m_16_days_NDVI_doy2014129_aid0001,_250m_16_days_NDVI,aid0001,2014-05-09,475983.0,0.0231,0.9945,"(0.0231,0.9945)",0.7636,0.1088,0.0118,0.846,0.9945,0.7917,0.5023,0.7085
MOD13Q1_006__250m_16_days_NDVI_doy2014145_aid0001,_250m_16_days_NDVI,aid0001,2014-05-25,476165.0,0.1024,0.9938,"(0.1024,0.9938)",0.7432,0.1061,0.0113,0.8229,0.9938,0.7704,0.4777,0.6848
MOD13Q1_006__250m_16_days_NDVI_doy2014161_aid0001,_250m_16_days_NDVI,aid0001,2014-06-10,475211.0,-0.0485,0.9994,"(-0.0485,0.9994)",0.7304,0.1286,0.0165,0.837,0.9994,0.7507,0.3605,0.6464
MOD13Q1_006__250m_16_days_NDVI_doy2014177_aid0001,_250m_16_days_NDVI,aid0001,2014-06-26,475594.0,0.0227,0.9985,"(0.0227,0.9985)",0.6799,0.1432,0.0205,0.8051,0.9985,0.6944,0.2141,0.5687
MOD13Q1_006__250m_16_days_NDVI_doy2014193_aid0001,_250m_16_days_NDVI,aid0001,2014-07-12,476159.0,-0.0408,0.9933,"(-0.0408,0.9933)",0.6902,0.1541,0.0237,0.8266,0.9933,0.7241,0.1962,0.574
MOD13Q1_006__250m_16_days_NDVI_doy2014209_aid0001,_250m_16_days_NDVI,aid0001,2014-07-28,473194.0,-0.023,0.9996,"(-0.023,0.9996)",0.6597,0.1783,0.0318,0.8173,0.9996,0.6801,0.1186,0.5378
MOD13Q1_006__250m_16_days_NDVI_doy2014225_aid0001,_250m_16_days_NDVI,aid0001,2014-08-13,473107.0,-0.0802,0.9994,"(-0.0802,0.9994)",0.6571,0.1886,0.0356,0.8251,0.9994,0.6925,0.0769,0.5258
MOD13Q1_006__250m_16_days_NDVI_doy2014241_aid0001,_250m_16_days_NDVI,aid0001,2014-08-29,470346.0,-0.1012,0.9994,"(-0.1012,0.9994)",0.6046,0.2006,0.0402,0.769,0.9994,0.6277,0.0445,0.4792
MOD13Q1_006__250m_16_days_NDVI_doy2014257_aid0001,_250m_16_days_NDVI,aid0001,2014-09-14,475696.0,0.02,0.9981,"(0.02,0.9981)",0.6702,0.149,0.0222,0.796,0.9981,0.7074,0.2213,0.5661
MOD13Q1_006__250m_16_days_NDVI_doy2014273_aid0001,_250m_16_days_NDVI,aid0001,2014-09-30,476102.0,-0.1594,0.9976,"(-0.1594,0.9976)",0.6824,0.1368,0.0187,0.7958,0.9976,0.7232,0.2803,0.5896
MOD13Q1_006__250m_16_days_NDVI_doy2014289_aid0001,_250m_16_days_NDVI,aid0001,2014-10-16,474866.0,-0.1642,0.9983,"(-0.1642,0.9983)",0.6524,0.1619,0.0262,0.7627,0.9983,0.7011,0.329,0.5892
MOD13Q1_006__250m_16_days_NDVI_doy2014305_aid0001,_250m_16_days_NDVI,aid0001,2014-11-01,473136.0,-0.0926,0.9991,"(-0.0926,0.9991)",0.529,0.2205,0.0486,0.6911,0.9991,0.6017,0.0079,0.4178
MOD13Q1_006__250m_16_days_NDVI_doy2014321_aid0001,_250m_16_days_NDVI,aid0001,2014-11-17,475671.0,-0.1869,0.9986,"(-0.1869,0.9986)",0.6299,0.1467,0.0215,0.7181,0.9144,0.6562,0.3909,0.5872
MOD13Q1_006__250m_16_days_NDVI_doy2014337_aid0001,_250m_16_days_NDVI,aid0001,2014-12-03,469779.0,-0.1681,0.9991,"(-0.1681,0.9991)",0.3621,0.2263,0.0512,0.5606,0.9991,0.3909,-0.1681,0.1318
MOD13Q1_006__250m_16_days_NDVI_doy2014353_aid0001,_250m_16_days_NDVI,aid0001,2014-12-19,475657.0,-0.1968,0.9993,"(-0.1968,0.9993)",0.4087,0.2513,0.0632,0.6169,0.9993,0.4312,-0.1968,0.1801
MOD13Q1_006__250m_16_days_NDVI_doy2015001_aid0001,_250m_16_days_NDVI,aid0001,2015-01-01,474715.0,-0.1968,0.9988,"(-0.1968,0.9988)",0.5969,0.178,0.0317,0.6977,0.9128,0.6328,0.3392,0.5543
MOD13Q1_006__250m_16_days_NDVI_doy2015017_aid0001,_250m_16_days_NDVI,aid0001,2015-01-17,469539.0,-0.1875,0.9993,"(-0.1875,0.9993)",0.3482,0.2606,0.0679,0.5918,0.9993,0.3369,-0.1875,0.0913
MOD13Q1_006__250m_16_days_NDVI_doy2015033_aid0001,_250m_16_days_NDVI,aid0001,2015-02-02,474596.0,-0.1173,0.9989,"(-0.1173,0.9989)",0.3896,0.2136,0.0456,0.555,0.9989,0.4485,-0.1173,0.2158
MOD13Q1_006__250m_16_days_NDVI_doy2015049_aid0001,_250m_16_days_NDVI,aid0001,2015-02-18,475520.0,-0.1675,0.998,"(-0.1675,0.998)",0.4927,0.1529,0.0234,0.5852,0.8018,0.522,0.2237,0.4406
MOD13Q1_006__250m_16_days_NDVI_doy2015065_aid0001,_250m_16_days_NDVI,aid0001,2015-03-06,476158.0,-0.1531,0.9806,"(-0.1531,0.9806)",0.5225,0.1018,0.0104,0.5841,0.7612,0.5257,0.2889,0.466
MOD13Q1_006__250m_16_days_NDVI_doy2015081_aid0001,_250m_16_days_NDVI,aid0001,2015-03-22,474926.0,-0.162,0.9975,"(-0.162,0.9975)",0.5149,0.1206,0.0145,0.5892,0.792,0.5204,0.2512,0.454
MOD13Q1_006__250m_16_days_NDVI_doy2015097_aid0001,_250m_16_days_NDVI,aid0001,2015-04-07,476188.0,-0.1103,0.8906,"(-0.1103,0.8906)",0.588,0.1008,0.0102,0.6588,0.8574,0.5934,0.3278,0.5264
MOD13Q1_006__250m_16_days_NDVI_doy2015113_aid0001,_250m_16_days_NDVI,aid0001,2015-04-23,476057.0,-0.0566,0.9937,"(-0.0566,0.9937)",0.7037,0.0996,0.0099,0.7729,0.9435,0.7184,0.4752,0.6538
MOD13Q1_006__250m_16_days_NDVI_doy2015129_aid0001,_250m_16_days_NDVI,aid0001,2015-05-09,475934.0,0.0498,0.9981,"(0.0498,0.9981)",0.759,0.1071,0.0115,0.8376,0.9981,0.7864,0.5089,0.7061
MOD13Q1_006__250m_16_days_NDVI_doy2015145_aid0001,_250m_16_days_NDVI,aid0001,2015-05-25,476095.0,-0.0085,0.9954,"(-0.0085,0.9954)",0.7615,0.1182,0.014,0.8562,0.9954,0.7871,0.4447,0.6916
MOD13Q1_006__250m_16_days_NDVI_doy2015161_aid0001,_250m_16_days_NDVI,aid0001,2015-06-10,475762.0,-0.0215,0.9988,"(-0.0215,0.9988)",0.7407,0.1287,0.0166,0.8491,0.9988,0.7546,0.3714,0.658
MOD13Q1_006__250m_16_days_NDVI_doy2015177_aid0001,_250m_16_days_NDVI,aid0001,2015-06-26,476172.0,0.0081,0.9949,"(0.0081,0.9949)",0.6876,0.1549,0.024,0.8316,0.9949,0.7031,0.1614,0.5633
MOD13Q1_006__250m_16_days_NDVI_doy2015193_aid0001,_250m_16_days_NDVI,aid0001,2015-07-12,472765.0,-0.0016,0.9994,"(-0.0016,0.9994)",0.6267,0.2004,0.0401,0.8108,0.9994,0.6325,-0.0016,0.4695
MOD13Q1_006__250m_16_days_NDVI_doy2015209_aid0001,_250m_16_days_NDVI,aid0001,2015-07-28,476170.0,0.0834,0.9961,"(0.0834,0.9961)",0.6206,0.1979,0.0392,0.8172,0.9961,0.6309,0.0834,0.4479
MOD13Q1_006__250m_16_days_NDVI_doy2015225_aid0001,_250m_16_days_NDVI,aid0001,2015-08-13,476081.0,0.0265,0.9958,"(0.0265,0.9958)",0.6442,0.1898,0.036,0.8259,0.9958,0.6676,0.0265,0.484
MOD13Q1_006__250m_16_days_NDVI_doy2015241_aid0001,_250m_16_days_NDVI,aid0001,2015-08-29,476119.0,-0.0777,0.9982,"(-0.0777,0.9982)",0.6614,0.1922,0.0369,0.8415,0.9982,0.7018,0.0,0.4996
MOD13Q1_006__250m_16_days_NDVI_doy2015257_aid0001,_250m_16_days_NDVI,aid0001,2015-09-14,468812.0,-0.0541,0.9992,"(-0.0541,0.9992)",0.6354,0.2026,0.041,0.8182,0.9992,0.6573,-0.0101,0.485
MOD13Q1_006__250m_16_days_NDVI_doy2015273_aid0001,_250m_16_days_NDVI,aid0001,2015-09-30,476189.0,-0.1844,0.9304,"(-0.1844,0.9304)",0.6648,0.1839,0.0338,0.8328,0.9304,0.7152,0.0615,0.5187
MOD13Q1_006__250m_16_days_NDVI_doy2015289_aid0001,_250m_16_days_NDVI,aid0001,2015-10-16,475059.0,-0.0517,0.9973,"(-0.0517,0.9973)",0.5839,0.1308,0.0171,0.6775,0.9283,0.6049,0.2593,0.5102
MOD13Q1_006__250m_16_days_NDVI_doy2015305_aid0001,_250m_16_days_NDVI,aid0001,2015-11-01,476187.0,-0.1666,0.9979,"(-0.1666,0.9979)",0.5954,0.1181,0.0139,0.6796,0.8987,0.6147,0.3076,0.5308
MOD13Q1_006__250m_16_days_NDVI_doy2015321_aid0001,_250m_16_days_NDVI,aid0001,2015-11-17,462486.0,-0.0968,0.9993,"(-0.0968,0.9993)",0.2775,0.2479,0.0614,0.4537,0.9993,0.187,-0.0968,0.0725
MOD13Q1_006__250m_16_days_NDVI_doy2015337_aid0001,_250m_16_days_NDVI,aid0001,2015-12-03,469569.0,-0.1551,0.9988,"(-0.1551,0.9988)",0.6581,0.1392,0.0194,0.747,0.979,0.673,0.3603,0.5923
MOD13Q1_006__250m_16_days_NDVI_doy2015353_aid0001,_250m_16_days_NDVI,aid0001,2015-12-19,475810.0,-0.0948,0.9988,"(-0.0948,0.9988)",0.6642,0.1266,0.016,0.746,0.9729,0.6758,0.3678,0.5947
MOD13Q1_006__250m_16_days_NDVI_doy2016001_aid0001,_250m_16_days_NDVI,aid0001,2016-01-01,467788.0,-0.1943,0.999,"(-0.1943,0.999)",0.4945,0.2591,0.0671,0.6941,0.999,0.5776,-0.1943,0.2722
MOD13Q1_006__250m_16_days_NDVI_doy2016017_aid0001,_250m_16_days_NDVI,aid0001,2016-01-17,475519.0,-0.192,0.9978,"(-0.192,0.9978)",0.5404,0.2116,0.0448,0.6738,0.9461,0.6028,0.2198,0.4922
MOD13Q1_006__250m_16_days_NDVI_doy2016033_aid0001,_250m_16_days_NDVI,aid0001,2016-02-02,464823.0,-0.1526,0.9992,"(-0.1526,0.9992)",0.3727,0.2259,0.051,0.5571,0.9992,0.3745,-0.1526,0.163
MOD13Q1_006__250m_16_days_NDVI_doy2016049_aid0001,_250m_16_days_NDVI,aid0001,2016-02-18,474425.0,-0.1071,0.9989,"(-0.1071,0.9989)",0.3093,0.2291,0.0525,0.5327,0.9989,0.2342,-0.1071,0.0992
MOD13Q1_006__250m_16_days_NDVI_doy2016065_aid0001,_250m_16_days_NDVI,aid0001,2016-03-05,476154.0,-0.1661,0.9865,"(-0.1661,0.9865)",0.5533,0.1066,0.0114,0.621,0.799,0.5623,0.3243,0.5023
MOD13Q1_006__250m_16_days_NDVI_doy2016081_aid0001,_250m_16_days_NDVI,aid0001,2016-03-21,475157.0,-0.0597,0.9989,"(-0.0597,0.9989)",0.5356,0.1182,0.014,0.6093,0.7981,0.5494,0.2946,0.4834
MOD13Q1_006__250m_16_days_NDVI_doy2016097_aid0001,_250m_16_days_NDVI,aid0001,2016-04-06,476129.0,-0.114,0.994,"(-0.114,0.994)",0.6546,0.1065,0.0113,0.7309,0.937,0.6629,0.3817,0.5912
MOD13Q1_006__250m_16_days_NDVI_doy2016113_aid0001,_250m_16_days_NDVI,aid0001,2016-04-22,476115.0,0.0146,0.9898,"(0.0146,0.9898)",0.7062,0.1011,0.0102,0.7727,0.9313,0.7302,0.5082,0.6669
MOD13Q1_006__250m_16_days_NDVI_doy2016129_aid0001,_250m_16_days_NDVI,aid0001,2016-05-08,476188.0,0.1242,0.985,"(0.1242,0.985)",0.7402,0.1066,0.0114,0.8123,0.985,0.7696,0.5203,0.6955
MOD13Q1_006__250m_16_days_NDVI_doy2016145_aid0001,_250m_16_days_NDVI,aid0001,2016-05-24,475675.0,0.027,0.9987,"(0.027,0.9987)",0.8,0.1064,0.0113,0.8718,0.9987,0.8327,0.5948,0.761
MOD13Q1_006__250m_16_days_NDVI_doy2016161_aid0001,_250m_16_days_NDVI,aid0001,2016-06-09,476194.0,0.0572,0.967,"(0.0572,0.967)",0.7708,0.1064,0.0113,0.8566,0.967,0.7921,0.4854,0.7081
MOD13Q1_006__250m_16_days_NDVI_doy2016177_aid0001,_250m_16_days_NDVI,aid0001,2016-06-25,471488.0,0.0014,0.9995,"(0.0014,0.9995)",0.6961,0.1616,0.0261,0.815,0.9995,0.7142,0.312,0.6138
MOD13Q1_006__250m_16_days_NDVI_doy2016193_aid0001,_250m_16_days_NDVI,aid0001,2016-07-11,476091.0,-0.1505,0.9957,"(-0.1505,0.9957)",0.6899,0.1574,0.0248,0.8394,0.9957,0.7095,0.1449,0.5615
MOD13Q1_006__250m_16_days_NDVI_doy2016209_aid0001,_250m_16_days_NDVI,aid0001,2016-07-27,469401.0,-0.0112,0.9993,"(-0.0112,0.9993)",0.6586,0.1982,0.0393,0.8276,0.9993,0.688,0.0726,0.5256
MOD13Q1_006__250m_16_days_NDVI_doy2016225_aid0001,_250m_16_days_NDVI,aid0001,2016-08-12,476073.0,-0.1321,0.9908,"(-0.1321,0.9908)",0.6827,0.1814,0.0329,0.8475,0.9908,0.7297,0.1031,0.5423
MOD13Q1_006__250m_16_days_NDVI_doy2016241_aid0001,_250m_16_days_NDVI,aid0001,2016-08-28,476156.0,-0.1068,0.9983,"(-0.1068,0.9983)",0.6569,0.1894,0.0359,0.8365,0.9983,0.6935,0.003,0.5019
MOD13Q1_006__250m_16_days_NDVI_doy2016257_aid0001,_250m_16_days_NDVI,aid0001,2016-09-13,476163.0,-0.176,0.9751,"(-0.176,0.9751)",0.6366,0.1943,0.0377,0.8226,0.9751,0.6728,0.015,0.4737
MOD13Q1_006__250m_16_days_NDVI_doy2016273_aid0001,_250m_16_days_NDVI,aid0001,2016-09-29,475940.0,-0.1073,0.9988,"(-0.1073,0.9988)",0.6299,0.1835,0.0337,0.8043,0.9988,0.6602,-0.0037,0.4779
MOD13Q1_006__250m_16_days_NDVI_doy2016289_aid0001,_250m_16_days_NDVI,aid0001,2016-10-15,475037.0,-0.0809,0.9991,"(-0.0809,0.9991)",0.6292,0.1688,0.0285,0.7695,0.9991,0.6543,0.114,0.5072
MOD13Q1_006__250m_16_days_NDVI_doy2016305_aid0001,_250m_16_days_NDVI,aid0001,2016-10-31,476145.0,-0.1476,0.9907,"(-0.1476,0.9907)",0.5884,0.1227,0.0151,0.6748,0.9159,0.6107,0.2701,0.5129
MOD13Q1_006__250m_16_days_NDVI_doy2016321_aid0001,_250m_16_days_NDVI,aid0001,2016-11-16,473794.0,-0.1324,0.999,"(-0.1324,0.999)",0.5933,0.1234,0.0152,0.6734,0.917,0.5972,0.2674,0.511
MOD13Q1_006__250m_16_days_NDVI_doy2016337_aid0001,_250m_16_days_NDVI,aid0001,2016-12-02,473197.0,-0.0989,0.9983,"(-0.0989,0.9983)",0.6078,0.1368,0.0187,0.6984,0.976,0.6055,0.2358,0.5133
MOD13Q1_006__250m_16_days_NDVI_doy2016353_aid0001,_250m_16_days_NDVI,aid0001,2016-12-18,469382.0,-0.189,0.9989,"(-0.189,0.9989)",0.5592,0.1609,0.0259,0.6695,0.9989,0.5489,0.112,0.4465
MOD13Q1_006__250m_16_days_NDVI_doy2017001_aid0001,_250m_16_days_NDVI,aid0001,2017-01-01,463763.0,-0.1996,0.999,"(-0.1996,0.999)",0.2214,0.2171,0.0471,0.3685,0.8567,0.1438,-0.1996,0.043
MOD13Q1_006__250m_16_days_NDVI_doy2017017_aid0001,_250m_16_days_NDVI,aid0001,2017-01-17,465924.0,-0.1507,0.9991,"(-0.1507,0.9991)",0.1978,0.2059,0.0424,0.3189,0.7384,0.1124,-0.1507,0.0392
MOD13Q1_006__250m_16_days_NDVI_doy2017033_aid0001,_250m_16_days_NDVI,aid0001,2017-02-02,475842.0,-0.1795,0.9989,"(-0.1795,0.9989)",0.4585,0.1664,0.0277,0.5704,0.8736,0.4603,0.0649,0.3682
MOD13Q1_006__250m_16_days_NDVI_doy2017049_aid0001,_250m_16_days_NDVI,aid0001,2017-02-18,474412.0,-0.1892,0.9979,"(-0.1892,0.9979)",0.4668,0.1642,0.0269,0.5769,0.8876,0.472,0.0574,0.3691
MOD13Q1_006__250m_16_days_NDVI_doy2017065_aid0001,_250m_16_days_NDVI,aid0001,2017-03-06,476188.0,-0.1213,0.9961,"(-0.1213,0.9961)",0.4746,0.1054,0.0111,0.5472,0.7689,0.4802,0.1777,0.3994
MOD13Q1_006__250m_16_days_NDVI_doy2017081_aid0001,_250m_16_days_NDVI,aid0001,2017-03-22,476157.0,-0.1518,0.8793,"(-0.1518,0.8793)",0.5563,0.1093,0.0119,0.6319,0.8408,0.5636,0.2832,0.4924
MOD13Q1_006__250m_16_days_NDVI_doy2017097_aid0001,_250m_16_days_NDVI,aid0001,2017-04-07,476170.0,-0.1292,0.9966,"(-0.1292,0.9966)",0.6463,0.1001,0.01,0.7163,0.9033,0.6586,0.4041,0.5914
MOD13Q1_006__250m_16_days_NDVI_doy2017113_aid0001,_250m_16_days_NDVI,aid0001,2017-04-23,474079.0,-0.0038,0.9985,"(-0.0038,0.9985)",0.6656,0.1459,0.0213,0.7606,0.9816,0.704,0.3919,0.6131
MOD13Q1_006__250m_16_days_NDVI_doy2017129_aid0001,_250m_16_days_NDVI,aid0001,2017-05-09,476112.0,0.0799,0.997,"(0.0799,0.997)",0.7433,0.1045,0.0109,0.8134,0.9707,0.7741,0.5374,0.703
MOD13Q1_006__250m_16_days_NDVI_doy2017145_aid0001,_250m_16_days_NDVI,aid0001,2017-05-25,475982.0,0.0663,0.9969,"(0.0663,0.9969)",0.7944,0.1065,0.0113,0.8713,0.9969,0.8279,0.5613,0.7473
MOD13Q1_006__250m_16_days_NDVI_doy2017161_aid0001,_250m_16_days_NDVI,aid0001,2017-06-10,476065.0,0.11,0.9974,"(0.11,0.9974)",0.7731,0.1122,0.0126,0.8637,0.9974,0.7988,0.4677,0.7053
MOD13Q1_006__250m_16_days_NDVI_doy2017177_aid0001,_250m_16_days_NDVI,aid0001,2017-06-26,475960.0,-0.1567,0.9989,"(-0.1567,0.9989)",0.73,0.1353,0.0183,0.8538,0.9989,0.745,0.2878,0.6274
MOD13Q1_006__250m_16_days_NDVI_doy2017193_aid0001,_250m_16_days_NDVI,aid0001,2017-07-12,476194.0,-0.022,0.9808,"(-0.022,0.9808)",0.7077,0.1646,0.0271,0.8537,0.9808,0.75,0.1778,0.5833
MOD13Q1_006__250m_16_days_NDVI_doy2017209_aid0001,_250m_16_days_NDVI,aid0001,2017-07-28,475650.0,0.0036,0.999,"(0.0036,0.999)",0.7127,0.1609,0.0259,0.8537,0.999,0.7504,0.2033,0.5935
MOD13Q1_006__250m_16_days_NDVI_doy2017225_aid0001,_250m_16_days_NDVI,aid0001,2017-08-13,476152.0,0.0579,0.9973,"(0.0579,0.9973)",0.7049,0.1485,0.022,0.8324,0.9973,0.7418,0.2444,0.5972
MOD13Q1_006__250m_16_days_NDVI_doy2017241_aid0001,_250m_16_days_NDVI,aid0001,2017-08-29,475879.0,-0.0629,0.9987,"(-0.0629,0.9987)",0.7052,0.1679,0.0282,0.8545,0.9987,0.7459,0.1823,0.5856
MOD13Q1_006__250m_16_days_NDVI_doy2017257_aid0001,_250m_16_days_NDVI,aid0001,2017-09-14,476191.0,-0.1598,0.999,"(-0.1598,0.999)",0.6757,0.1777,0.0316,0.8288,0.999,0.7161,0.1398,0.5532
MOD13Q1_006__250m_16_days_NDVI_doy2017273_aid0001,_250m_16_days_NDVI,aid0001,2017-09-30,476191.0,-0.1134,0.986,"(-0.1134,0.986)",0.6778,0.1196,0.0143,0.7685,0.986,0.707,0.3675,0.6081
MOD13Q1_006__250m_16_days_NDVI_doy2017289_aid0001,_250m_16_days_NDVI,aid0001,2017-10-16,476194.0,-0.0251,0.995,"(-0.0251,0.995)",0.6064,0.104,0.0108,0.6795,0.8751,0.631,0.3523,0.5486
MOD13Q1_006__250m_16_days_NDVI_doy2017305_aid0001,_250m_16_days_NDVI,aid0001,2017-11-01,476181.0,-0.0539,0.998,"(-0.0539,0.998)",0.6215,0.1395,0.0195,0.7153,0.952,0.6469,0.3208,0.5575
MOD13Q1_006__250m_16_days_NDVI_doy2017321_aid0001,_250m_16_days_NDVI,aid0001,2017-11-17,476162.0,-0.1775,0.9993,"(-0.1775,0.9993)",0.4323,0.2083,0.0434,0.5807,0.9993,0.4313,-0.1775,0.2688
MOD13Q1_006__250m_16_days_NDVI_doy2017337_aid0001,_250m_16_days_NDVI,aid0001,2017-12-03,476051.0,-0.1678,0.9993,"(-0.1678,0.9993)",0.4944,0.2335,0.0545,0.672,0.9993,0.567,-0.1678,0.3079
MOD13Q1_006__250m_16_days_NDVI_doy2017353_aid0001,_250m_16_days_NDVI,aid0001,2017-12-19,476067.0,-0.178,0.9992,"(-0.178,0.9992)",0.3382,0.2631,0.0692,0.5584,0.9992,0.2783,-0.178,0.0995
MOD13Q1_006__250m_16_days_NDVI_doy2018001_aid0001,_250m_16_days_NDVI,aid0001,2018-01-01,476145.0,-0.1889,0.9989,"(-0.1889,0.9989)",0.4905,0.1879,0.0353,0.6285,0.9989,0.505,-0.0412,0.3605
MOD13Q1_006__250m_16_days_NDVI_doy2018017_aid0001,_250m_16_days_NDVI,aid0001,2018-01-17,476055.0,-0.1369,0.9987,"(-0.1369,0.9987)",0.5285,0.2027,0.0411,0.6657,0.9987,0.568,0.0677,0.4265
MOD13Q1_006__250m_16_days_NDVI_doy2018033_aid0001,_250m_16_days_NDVI,aid0001,2018-02-02,476169.0,-0.1995,0.9989,"(-0.1995,0.9989)",0.3038,0.2449,0.06,0.5304,0.9989,0.2378,-0.1995,0.0695
MOD13Q1_006__250m_16_days_NDVI_doy2018049_aid0001,_250m_16_days_NDVI,aid0001,2018-02-18,476194.0,-0.169,0.9982,"(-0.169,0.9982)",0.4568,0.1696,0.0288,0.571,0.8719,0.4827,0.0695,0.3704
MOD13Q1_006__250m_16_days_NDVI_doy2018065_aid0001,_250m_16_days_NDVI,aid0001,2018-03-06,476188.0,-0.1907,0.9961,"(-0.1907,0.9961)",0.3222,0.1877,0.0352,0.4637,0.9282,0.3529,-0.1907,0.1527
MOD13Q1_006__250m_16_days_NDVI_doy2018081_aid0001,_250m_16_days_NDVI,aid0001,2018-03-22,476185.0,-0.1257,0.9069,"(-0.1257,0.9069)",0.5178,0.1007,0.0101,0.5832,0.7759,0.5185,0.262,0.4547
MOD13Q1_006__250m_16_days_NDVI_doy2018097_aid0001,_250m_16_days_NDVI,aid0001,2018-04-07,476194.0,-0.194,0.9763,"(-0.194,0.9763)",0.6112,0.1165,0.0136,0.699,0.9388,0.6243,0.2838,0.5329
MOD13Q1_006__250m_16_days_NDVI_doy2018113_aid0001,_250m_16_days_NDVI,aid0001,2018-04-23,476194.0,0.1142,0.9897,"(0.1142,0.9897)",0.7675,0.1042,0.0109,0.8436,0.9897,0.7948,0.5296,0.718
MOD13Q1_006__250m_16_days_NDVI_doy2018129_aid0001,_250m_16_days_NDVI,aid0001,2018-05-09,476194.0,0.0511,0.9996,"(0.0511,0.9996)",0.7788,0.1128,0.0127,0.8627,0.9996,0.8104,0.5137,0.7231
MOD13Q1_006__250m_16_days_NDVI_doy2018145_aid0001,_250m_16_days_NDVI,aid0001,2018-05-25,476194.0,0.14,0.9952,"(0.14,0.9952)",0.7837,0.1097,0.012,0.8665,0.9952,0.8126,0.5143,0.7256
MOD13Q1_006__250m_16_days_NDVI_doy2018161_aid0001,_250m_16_days_NDVI,aid0001,2018-06-10,476177.0,-0.1166,0.9995,"(-0.1166,0.9995)",0.7093,0.1658,0.0275,0.8374,0.9995,0.7308,0.2817,0.6151
MOD13Q1_006__250m_16_days_NDVI_doy2018177_aid0001,_250m_16_days_NDVI,aid0001,2018-06-26,476194.0,-0.0633,0.9993,"(-0.0633,0.9993)",0.7103,0.1513,0.0229,0.8518,0.9993,0.7264,0.1995,0.5907
MOD13Q1_006__250m_16_days_NDVI_doy2018193_aid0001,_250m_16_days_NDVI,aid0001,2018-07-12,476192.0,-0.1698,0.9995,"(-0.1698,0.9995)",0.6549,0.1801,0.0324,0.8302,0.9995,0.6643,0.0812,0.5067
MOD13Q1_006__250m_16_days_NDVI_doy2018209_aid0001,_250m_16_days_NDVI,aid0001,2018-07-28,476194.0,0.007,0.9966,"(0.007,0.9966)",0.6198,0.1964,0.0386,0.8178,0.9966,0.6189,0.007,0.4539
MOD13Q1_006__250m_16_days_NDVI_doy2018225_aid0001,_250m_16_days_NDVI,aid0001,2018-08-13,476194.0,-0.1021,0.9828,"(-0.1021,0.9828)",0.589,0.2059,0.0424,0.8019,0.9828,0.58,-0.1021,0.4093
MOD13Q1_006__250m_16_days_NDVI_doy2018241_aid0001,_250m_16_days_NDVI,aid0001,2018-08-29,476194.0,-0.0895,0.9992,"(-0.0895,0.9992)",0.5854,0.2115,0.0447,0.8038,0.9992,0.5859,-0.0895,0.3969
MOD13Q1_006__250m_16_days_NDVI_doy2018257_aid0001,_250m_16_days_NDVI,aid0001,2018-09-14,476194.0,-0.045,0.9905,"(-0.045,0.9905)",0.5881,0.2022,0.0409,0.7907,0.9905,0.5977,-0.045,0.4093
MOD13Q1_006__250m_16_days_NDVI_doy2018273_aid0001,_250m_16_days_NDVI,aid0001,2018-09-30,476194.0,-0.0597,0.9154,"(-0.0597,0.9154)",0.5982,0.1938,0.0376,0.7874,0.9154,0.6253,-0.0597,0.4289
MOD13Q1_006__250m_16_days_NDVI_doy2018289_aid0001,_250m_16_days_NDVI,aid0001,2018-10-16,476194.0,-0.0279,0.9942,"(-0.0279,0.9942)",0.5569,0.1743,0.0304,0.7178,0.9942,0.5769,-0.0279,0.4079
MOD13Q1_006__250m_16_days_NDVI_doy2018305_aid0001,_250m_16_days_NDVI,aid0001,2018-11-01,476188.0,-0.1198,0.9964,"(-0.1198,0.9964)",0.5882,0.132,0.0174,0.6835,0.9516,0.6125,0.2363,0.5046
MOD13Q1_006__250m_16_days_NDVI_doy2018321_aid0001,_250m_16_days_NDVI,aid0001,2018-11-17,476191.0,-0.1859,0.9657,"(-0.1859,0.9657)",0.5712,0.1394,0.0194,0.6715,0.9578,0.5956,0.1937,0.4804
MOD13Q1_006__250m_16_days_NDVI_doy2018337_aid0001,_250m_16_days_NDVI,aid0001,2018-12-03,476032.0,-0.1883,0.9993,"(-0.1883,0.9993)",0.5169,0.2075,0.043,0.6682,0.9993,0.5473,-0.0439,0.3814
MOD13Q1_006__250m_16_days_NDVI_doy2018353_aid0001,_250m_16_days_NDVI,aid0001,2018-12-19,475612.0,-0.1945,0.9993,"(-0.1945,0.9993)",0.4442,0.2127,0.0452,0.5955,0.9993,0.4304,-0.1945,0.2755
MOD13Q1_006__250m_16_days_NDVI_doy2019001_aid0001,_250m_16_days_NDVI,aid0001,2019-01-01,476052.0,-0.1543,0.9988,"(-0.1543,0.9988)",0.2649,0.2567,0.0659,0.4501,0.9988,0.1398,-0.1543,0.0657
MOD13Q1_006__250m_16_days_NDVI_doy2019017_aid0001,_250m_16_days_NDVI,aid0001,2019-01-17,476120.0,-0.189,0.9991,"(-0.189,0.9991)",0.4949,0.1864,0.0348,0.6227,0.9884,0.5123,0.0132,0.3789
MOD13Q1_006__250m_16_days_NDVI_doy2019033_aid0001,_250m_16_days_NDVI,aid0001,2019-02-02,476183.0,-0.1987,0.9973,"(-0.1987,0.9973)",0.5273,0.1356,0.0184,0.6185,0.8833,0.5444,0.1765,0.4417
MOD13Q1_006__250m_16_days_NDVI_doy2019049_aid0001,_250m_16_days_NDVI,aid0001,2019-02-18,476185.0,-0.1734,0.9774,"(-0.1734,0.9774)",0.5066,0.1282,0.0164,0.5948,0.8601,0.521,0.1528,0.4179
MOD13Q1_006__250m_16_days_NDVI_doy2019065_aid0001,_250m_16_days_NDVI,aid0001,2019-03-06,476190.0,-0.1751,0.9147,"(-0.1751,0.9147)",0.5393,0.1143,0.0131,0.6227,0.8466,0.5506,0.2377,0.4687
MOD13Q1_006__250m_16_days_NDVI_doy2019081_aid0001,_250m_16_days_NDVI,aid0001,2019-03-22,476194.0,-0.0476,0.8948,"(-0.0476,0.8948)",0.5824,0.1035,0.0107,0.6561,0.8554,0.5916,0.3231,0.5229
MOD13Q1_006__250m_16_days_NDVI_doy2019097_aid0001,_250m_16_days_NDVI,aid0001,2019-04-07,476194.0,-0.1323,0.9156,"(-0.1323,0.9156)",0.6567,0.1017,0.0103,0.7251,0.9049,0.6707,0.4249,0.605
MOD13Q1_006__250m_16_days_NDVI_doy2019113_aid0001,_250m_16_days_NDVI,aid0001,2019-04-23,476194.0,-0.1712,0.9873,"(-0.1712,0.9873)",0.713,0.1073,0.0115,0.7861,0.9692,0.739,0.4781,0.6629
MOD13Q1_006__250m_16_days_NDVI_doy2019129_aid0001,_250m_16_days_NDVI,aid0001,2019-05-09,476194.0,0.0135,0.9994,"(0.0135,0.9994)",0.7628,0.1105,0.0122,0.8392,0.9994,0.7981,0.5385,0.7189
MOD13Q1_006__250m_16_days_NDVI_doy2019145_aid0001,_250m_16_days_NDVI,aid0001,2019-05-25,476194.0,-0.1328,0.9987,"(-0.1328,0.9987)",0.7925,0.1103,0.0122,0.8728,0.9987,0.8271,0.5458,0.742
MOD13Q1_006__250m_16_days_NDVI_doy2019161_aid0001,_250m_16_days_NDVI,aid0001,2019-06-10,476194.0,-0.0228,0.9975,"(-0.0228,0.9975)",0.7809,0.1015,0.0103,0.8605,0.9975,0.7988,0.5143,0.722
MOD13Q1_006__250m_16_days_NDVI_doy2019177_aid0001,_250m_16_days_NDVI,aid0001,2019-06-26,476194.0,0.0034,0.9589,"(0.0034,0.9589)",0.7334,0.1303,0.017,0.852,0.9589,0.7474,0.311,0.6355
MOD13Q1_006__250m_16_days_NDVI_doy2019193_aid0001,_250m_16_days_NDVI,aid0001,2019-07-12,476194.0,-0.0605,0.9984,"(-0.0605,0.9984)",0.6754,0.168,0.0282,0.8355,0.9984,0.6899,0.1083,0.5397
MOD13Q1_006__250m_16_days_NDVI_doy2019209_aid0001,_250m_16_days_NDVI,aid0001,2019-07-28,476168.0,0.0127,0.9993,"(0.0127,0.9993)",0.6162,0.1863,0.0347,0.7653,0.9993,0.6215,0.0593,0.4829
MOD13Q1_006__250m_16_days_NDVI_doy2019225_aid0001,_250m_16_days_NDVI,aid0001,2019-08-13,476194.0,0.05,0.9982,"(0.05,0.9982)",0.6819,0.17,0.0289,0.8379,0.9982,0.7103,0.1342,0.5557
MOD13Q1_006__250m_16_days_NDVI_doy2019241_aid0001,_250m_16_days_NDVI,aid0001,2019-08-29,476194.0,-0.1503,0.9871,"(-0.1503,0.9871)",0.6524,0.188,0.0354,0.8301,0.9871,0.6823,0.0219,0.5021
MOD13Q1_006__250m_16_days_NDVI_doy2019257_aid0001,_250m_16_days_NDVI,aid0001,2019-09-14,476194.0,-0.0876,0.9992,"(-0.0876,0.9992)",0.631,0.1773,0.0314,0.7967,0.9992,0.6496,0.067,0.4873
MOD13Q1_006__250m_16_days_NDVI_doy2019273_aid0001,_250m_16_days_NDVI,aid0001,2019-09-30,476194.0,-0.1472,0.9455,"(-0.1472,0.9455)",0.6255,0.1412,0.0199,0.7433,0.9455,0.6613,0.198,0.5251
MOD13Q1_006__250m_16_days_NDVI_doy2019289_aid0001,_250m_16_days_NDVI,aid0001,2019-10-16,476194.0,-0.1282,0.9747,"(-0.1282,0.9747)",0.6515,0.1137,0.0129,0.7377,0.9412,0.682,0.355,0.5846
MOD13Q1_006__250m_16_days_NDVI_doy2019305_aid0001,_250m_16_days_NDVI,aid0001,2019-11-01,476105.0,-0.0501,0.9995,"(-0.0501,0.9995)",0.5395,0.1859,0.0346,0.6761,0.9995,0.5733,0.0251,0.4156
MOD13Q1_006__250m_16_days_NDVI_doy2019321_aid0001,_250m_16_days_NDVI,aid0001,2019-11-17,476178.0,-0.091,0.9988,"(-0.091,0.9988)",0.5266,0.1702,0.029,0.6488,0.9988,0.5535,0.0506,0.4085
MOD13Q1_006__250m_16_days_NDVI_doy2019337_aid0001,_250m_16_days_NDVI,aid0001,2019-12-03,476134.0,-0.0715,0.9989,"(-0.0715,0.9989)",0.645,0.1204,0.0145,0.7182,0.9291,0.6484,0.3667,0.5776
MOD13Q1_006__250m_16_days_NDVI_doy2019353_aid0001,_250m_16_days_NDVI,aid0001,2019-12-19,476137.0,-0.1459,0.9987,"(-0.1459,0.9987)",0.6387,0.1246,0.0155,0.7185,0.9514,0.6422,0.3303,0.5632
